Workbook

Sheet 개요
A1: 시스템 | B1: DB 계정
A2: ISM | B2: ISM_2603
A3: SIP | B3: SIPMES_260223

Sheet 1. Tables
A1: 테이블 존재 | B1: Table Name | C1: Description | D1: Curr / Hist | E1: TableSpace for Table | F1: TableSpace for Index | G1: Table Partition
A2: SIP | B2: ALARM | D2: Master | E2: SIPMES | F2: USERS
A3: SIP | B3: ALARMACTION | D3: Master | E3: SIPMES | F3: USERS
A4: SIP | B4: ALARMACTIONHISTORY | D4: Master | E4: SIPMES | F4: USERS
A5: SIP | B5: ALARMCODE | D5: Master | E5: USERS | F5: USERS
A6: SIP | B6: ALARMCODEHISTORY | D6: Master | E6: SIPMES
A7: SIP | B7: ALARMGROUP | D7: Master | E7: SIPMES | F7: USERS
A8: SIP | B8: ALARMGROUPHISTORY | D8: Master | E8: SIPMES | F8: USERS
A9: SIP | B9: ALARMHISTORY | D9: Master | E9: SIPMES | F9: USERS
A10: SIP | B10: ALARMSCOPE | D10: Master | E10: SIPMES | F10: USERS
A11: SIP | B11: ALARMSCOPEHISTORY | D11: Master | E11: SIPMES | F11: USERS
A12: ALL | B12: AREA | C12: 생산 영역 기준정보 | D12: Master | E12: GC_MES_MDM_DAT | F12: GC_MES_MDM_IDX
A13: ALL | B13: AREAHISTORY | C13: 생산 영역 기준정보 이력 | D13: History | E13: GC_MES_HIST_DAT | F13: GC_MES_HIST_IDX
A14: ALL | B14: ATTRIBUTE | C14: 기준정보 공통UI 그리드항목 모델링 기준정보 | D14: Master | E14: GC_MES_MDM_DAT | F14: GC_MES_MDM_IDX
A15: ALL | B15: ATTRIBUTEHISTORY | C15: 기준정보 공통UI 그리드항목 모델링 기준정보 | D15: History | E15: GC_MES_HIST_DAT | F15: GC_MES_HIST_IDX
A16: ALL | B16: AUTHOR | C16: 권한ID 기준정보 | D16: Master | E16: GC_MES_MDM_DAT | F16: GC_MES_MDM_IDX
A17: ALL | B17: AUTHORHISTORY | C17: 권한그룹ID 기준정보 | D17: History | E17: GC_MES_HIST_DAT | F17: GC_MES_HIST_IDX
A18: ALL | B18: AUTHORMENU | C18: 권한그룹별 메뉴권한 매핑정보 | D18: Master | E18: GC_MES_MDM_DAT | F18: GC_MES_MDM_IDX
A19: ALL | B19: AUTHORMENUHISTORY | C19: 권한그룹별 메뉴권한 매핑정보 | D19: History | E19: GC_MES_HIST_DAT | F19: GC_MES_HIST_IDX
A20: ALL | B20: AUTHREASONCODE | C20: 권한별 사유코드 관리 | D20: Master | E20: GC_MES_MDM_DAT | F20: GC_MES_MDM_IDX
A21: ALL | B21: AUTHREASONCODEHISTORY | D21: Master | E21: GC_MES_MDM_DAT | F21: GC_MES_HIST_IDX
A22: ALL | B22: BEHAVIOR | C22: 기준정보 공통UI 그리드항목 모델링 기준정보 | D22: Master | E22: GC_MES_MDM_DAT | F22: GC_MES_MDM_IDX
A23: ALL | B23: BEHAVIORHISTORY | C23: 기준정보 공통UI 그리드항목 모델링 기준정보 | D23: History | E23: GC_MES_HIST_DAT | F23: GC_MES_HIST_IDX
A24: ALL | B24: CARRIER | C24: 캐리어 ID 정보 | D24: Master | E24: GC_MES_STD_DAT | F24: GC_MES_STD_IDX
A25: ALL | B25: CARRIERDEF | C25: 캐리어 기준정보 | D25: Master | E25: GC_MES_MDM_DAT | F25: GC_MES_MDM_IDX
A26: ALL | B26: CARRIERDEFHISTORY | C26: 캐리어 기준정보 이력 | D26: History | E26: GC_MES_HIST_DAT | F26: GC_MES_HIST_IDX
A27: ALL | B27: CARRIERHISTORY | C27: 캐리어 기준정보 이력 | D27: History | E27: GC_MES_HIST_DAT | F27: GC_MES_HIST_IDX
A28: SIP | B28: CHECKINLINE | C28: ^Available^STND^RT^RESOURCE^Current^^Off^ACM | D28: Master | E28: GC_MES_MDM_DAT | F28: GC_MES_MDM_DAT
A29: SIP | B29: CHECKINLINEHISTORY | D29: Master | E29: GC_MES_MDM_DAT | F29: GC_MES_MDM_DAT
A30: SIP | B30: CLIENT | D30: Master | E30: USERS | F30: USERS
A31: SIP | B31: CLIENT_LOG | C31: 클라이언트 로그 저장 테이블 | D31: Master | E31: SIPMES_251229 | F31: SIPMES_251229
A32: SIP | B32: CLIENTHISTORY | D32: Master | E32: USERS | F32: USERS
A33: ALL | B33: COLUMNDEF | D33: Master | E33: GC_MES_MDM_DAT
A34: ISM | B34: CONSTANTDEF | C34: 상수 정의 기준정보 | D34: Master | E34: GC_MES_MDM_DAT | F34: GC_MES_MDM_IDX
A35: ISM | B35: CONSTANTDEFHISTORY | C35: 상수 정의 기준정보 | D35: History | E35: GC_MES_HIST_DAT | F35: GC_MES_HIST_IDX
A36: ALL | B36: CONSUMABLELOT | C36: 소모성자재LOT 정보 | D36: Master | E36: GC_MES_STD_DAT | F36: GC_MES_STD_IDX
A37: ALL | B37: CONSUMABLELOTHISTORY | C37: 소모성자재LOT 정보 | D37: History | E37: GC_MES_HIST_DAT | F37: GC_MES_HIST_IDX
A38: SIP | B38: DEFECTSUMMARY | D38: Master | E38: USERS | F38: USERS
A39: SIP | B39: DEFECTSUMMARYHISTORY | D39: Master | E39: USERS | F39: USERS
A40: SIP | B40: DEFECTYIELDHISTORY | D40: Master | E40: USERS | F40: USERS
A41: ALL | B41: DURABLELOT | C41: Durable자재 LOT 정보 | D41: Master | E41: GC_MES_STD_DAT | F41: GC_MES_STD_IDX
A42: ALL | B42: DURABLELOTHISTORY | C42: Durable자재LOT 정보 이력 | D42: History | E42: GC_MES_HIST_DAT
A43: SIP | B43: DURABLEQC | C43: ^Available^STND^RT^MATERIAL^Current^^Off^ACM | D43: Master | E43: SIPMES | F43: SIPMES
A44: SIP | B44: DURABLEQCHISTORY | C44: ^Available^STND^RT^MATERIAL^Current^^Off^ACM | D44: Master | E44: SIPMES | F44: SIPMES
A45: ISM | B45: EAPERRORLOG | D45: Master | E45: DXPLUS
A46: ALL | B46: ENUM | C46: 기타코드 정의 | D46: Master | E46: GC_MES_MDM_DAT | F46: GC_MES_MDM_IDX
A47: ALL | B47: ENUMHISTORY | C47: 기타코드 정의 | D47: History | E47: GC_MES_HIST_DAT | F47: GC_MES_HIST_IDX
A48: ALL | B48: ENUMVALUE | C48: 기타코드의 Enum 코드정의 기준정보 | D48: Master | E48: GC_MES_MDM_DAT | F48: GC_MES_MDM_IDX
A49: ALL | B49: ENUMVALUEHISTORY | C49: 기타코드의 Enum 코드정의 기준정보 | D49: History | E49: GC_MES_HIST_DAT | F49: GC_MES_HIST_IDX
A50: ISM | B50: EPS_MMDSTATETIME_DAY | D50: History | E50: GC_MES_HIST_DAT
A51: ISM | B51: EQPMEASUREDATA | D51: Master | E51: DXPLUS
A52: ISM | B52: EQPMEASUREDATAHISTORY | D52: History | E52: GC_MES_HIST_DAT | F52: GC_MES_HIST_IDX
A53: ISM | B53: EQPPREVENTPLAN | D53: Master | E53: GC_MES_MDM_DAT | F53: GC_MES_MDM_IDX
A54: ISM | B54: EQPPREVENTPLANHISTORY | D54: Master | E54: GC_MES_MDM_DAT | F54: GC_MES_MDM_IDX
A55: SIP | B55: EQPSHIFTFILEDATA | C55: ^Available^STND^RT^ETC^Current^^Off^PARTRON_CAMERA | D55: Master | E55: SIPMES | F55: SIPMES
A56: SIP | B56: EQPSHIFTMEASUREDATA | C56: EQPSHIFTMEASUREDATA 테이블 | D56: History | E56: GC_MES_HIST_DAT | F56: SIPMES
A57: ALL | B57: EQUIPMENT | C57: 설비 ID 정의 | D57: Master | E57: GC_MES_STD_DAT | F57: GC_MES_STD_IDX
A58: ISM | B58: EQUIPMENTBMDATA | D58: Master | E58: GC_MES_MDM_DAT | F58: GC_MES_MDM_IDX
A59: ISM | B59: EQUIPMENTBMDATAHISTORY | D59: History | E59: GC_MES_HIST_DAT | F59: GC_MES_HIST_IDX
A60: ISM | B60: EQUIPMENTCOMMSTATE | C60: 설비통신상태 기준정보 | D60: Master | E60: GC_MES_STD_DAT | F60: GC_MES_STD_IDX
A61: ISM | B61: EQUIPMENTCOMMSTATEHISTORY | C61: 설비통신상태 기준정보 | D61: History | E61: GC_MES_HIST_DAT | F61: GC_MES_HIST_IDX
A62: ALL | B62: EQUIPMENTDEF | C62: 설비코드 기준정보 | D62: Master | E62: GC_MES_MDM_DAT | F62: GC_MES_MDM_IDX
A63: ALL | B63: EQUIPMENTDEFHISTORY | C63: 설비ID 기준정보 이력 | D63: History | E63: GC_MES_HIST_DAT | F63: GC_MES_HIST_IDX
A64: ISM | B64: EQUIPMENTGROUP | C64: 설비그룹코드 기준정보 | D64: Master | E64: GC_MES_MDM_DAT | F64: GC_MES_MDM_IDX
A65: ISM | B65: EQUIPMENTGROUPHISTORY | C65: 설비그룹 기준정보 이력 | D65: History | E65: GC_MES_HIST_DAT | F65: GC_MES_HIST_IDX
A66: ALL | B66: EQUIPMENTHISTORY | C66: 설비 ID 정의 | D66: History | E66: GC_MES_HIST_DAT | F66: GC_MES_HIST_IDX
A67: SIP | B67: EQUIPMENTIMAGE | D67: Master | E67: SIPMES_251229 | F67: SIPMES_251229
A68: SIP | B68: EQUIPMENTIMAGEHISTORY | D68: Master | E68: SIPMES_251229 | F68: SIPMES_251229
A69: ISM | B69: EQUIPMENTMODEL | C69: 설비모델 정의 기준정보 | D69: Master | E69: GC_MES_MDM_DAT | F69: GC_MES_MDM_IDX
A70: ISM | B70: EQUIPMENTMODELHISTORY | C70: 설비모델 정의 기준정보 | D70: History | E70: GC_MES_HIST_DAT | F70: GC_MES_HIST_IDX
A71: ALL | B71: EQUIPMENTSTATE | C71: 설비상태 정보 | D71: Master | E71: GC_MES_MDM_DAT | F71: GC_MES_MDM_IDX
A72: ALL | B72: EQUIPMENTSTATEHISTORY | C72: 설비상태 정보 | D72: History | E72: GC_MES_HIST_DAT | F72: GC_MES_HIST_IDX
A73: SIP | B73: EQUIPMENTSTATESUMMARY | D73: Master | E73: USERS | F73: USERS
A74: SIP | B74: ERRORLOG | D74: Master | E74: SIPMES | F74: USERS
A75: ALL | B75: FACTORY | C75: 공장 기준정보 | D75: Master | E75: GC_MES_MDM_DAT | F75: GC_MES_MDM_IDX
A76: ALL | B76: FACTORYHISTORY | C76: 공장 기준정보 | D76: History | E76: GC_MES_HIST_DAT | F76: GC_MES_HIST_IDX
A77: ALL | B77: FACTORYRELATION | C77: 공장간 Relation 기준정보 | D77: Master | E77: GC_MES_MDM_DAT | F77: GC_MES_MDM_IDX
A78: ALL | B78: FACTORYRELATIONHISTORY | C78: 공장간 Relation 기준정보 | D78: History | E78: GC_MES_HIST_DAT | F78: GC_MES_HIST_IDX
A79: ALL | B79: FILEIF | D79: Master | E79: GC_MES_MDM_DAT | F79: GC_MES_MDM_IDX
A80: ALL | B80: FILEIFDEF | C80: 파일 IF 기준정보 | D80: Master | E80: GC_MES_STD_DAT | F80: GC_MES_STD_IDX
A81: ALL | B81: FILEIFDEFHISTORY | C81: 파일 IF 기준정보히스토리 | D81: History | E81: GC_MES_HIST_DAT | F81: GC_MES_HIST_IDX
A82: ALL | B82: FILEMANAGEMENT | C82: 파일관리히스토리 | D82: Master | E82: GC_MES_MDM_DAT | F82: GC_MES_MDM_IDX
A83: ALL | B83: FILEMANAGEMENTHISTORY | C83: 파일관리히스토리 | D83: History | E83: GC_MES_HIST_DAT | F83: GC_MES_HIST_IDX
A84: ALL | B84: FMBPOSITION | D84: Master | E84: DXPLUS | F84: DXPLUS
A85: ALL | B85: FMBPOSITIONHISTORY | D85: Master | E85: DXPLUS | F85: DXPLUS
A86: ALL | B86: IDRULE | C86: 자동채번 ID정의 기준정보 | D86: Master | E86: GC_MES_MDM_DAT | F86: GC_MES_MDM_IDX
A87: ALL | B87: IDRULEHISTORY | C87: 자동채번 ID정의 기준정보 | D87: History | E87: GC_MES_HIST_DAT | F87: GC_MES_HIST_IDX
A88: ALL | B88: IDRULESEQUENCE | C88: 자동채번 순서번호 기준정보 | D88: Master | E88: GC_MES_MDM_DAT | F88: GC_MES_MDM_IDX
A89: ALL | B89: INDEXFILEPARSE | C89: 자동채번 ID정의 기준정보 | D89: Master | E89: GC_MES_MDM_DAT | F89: GC_MES_MDM_IDX
A90: ISM | B90: INSPECTCOUNTDEF | D90: Master | E90: GC_MES_MDM_DAT | F90: GC_MES_MDM_IDX
A91: ISM | B91: INSPECTCOUNTDEFHISTORY | D91: History | E91: GC_MES_HIST_DAT | F91: GC_MES_HIST_IDX
A92: ISM | B92: JUDGEDEF | C92: QC검사 판정기준 기준정보 | D92: Master | E92: GC_MES_MDM_DAT | F92: GC_MES_MDM_IDX
A93: ISM | B93: JUDGEDEFHISTORY | D93: History | E93: GC_MES_HIST_DAT | F93: GC_MES_HIST_IDX
A94: ALL | B94: LABELFORMDEF | C94: 라벨양식정의 기준정보 | D94: Master | E94: GC_MES_MDM_DAT | F94: GC_MES_MDM_IDX
A95: ALL | B95: LABELFORMDEFHISTORY | C95: 라벨양식정의 기준정보 | D95: History | E95: GC_MES_HIST_DAT | F95: GC_MES_HIST_IDX
A96: ALL | B96: LABELITEMDEF | C96: 라벨항목 상세정의 기준정보 | D96: Master | E96: GC_MES_MDM_DAT | F96: GC_MES_MDM_IDX
A97: ALL | B97: LABELITEMDEFHISTORY | C97: 라벨양식의 항목정의 기준정보 이력 | D97: History | E97: GC_MES_HIST_DAT | F97: GC_MES_HIST_IDX
A98: ISM | B98: LOGINFOTEMP | C98: Log 이력정보 | D98: Master | E98: GC_MES_MDM_DAT
A99: ALL | B99: LOT | C99: LOT정보 | D99: Master | E99: GC_MES_STD_DAT | F99: GC_MES_STD_IDX
A100: ALL | B100: LOTATTRIBUTE | D100: Master | E100: GC_MES_STD_DAT | F100: GC_MES_STD_DAT
...

Sheet 2. Columns
A1: 분석 | B1: 테이블 존재 | C1: 컬럼 존재 | D1: 적용방법 | E1: Table Name | F1: Column Name | G1: Column ID | H1: Type | I1: Length | J1: Null 허용 | K1: PK | L1: Description
A2: 테이블이 SIP에만 존재 | B2: SIP | C2: SIP | E2: ALARM | F2: ALARMID | G2: 1 | H2: VARCHAR2 | I2: 40 | J2: N | K2: PK | L2: 발생한 ALARM별 Unique한 ID
A3: 테이블이 SIP에만 존재 | B3: SIP | C3: SIP | E3: ALARM | F3: FACTORYID | G3: 2 | H3: VARCHAR2 | I3: 40 | J3: N | K3: PK | L3: 공장 ID
A4: 테이블이 SIP에만 존재 | B4: SIP | C4: SIP | E4: ALARM | F4: ALARMGROUPID | G4: 3 | H4: VARCHAR2 | I4: 40 | J4: Y | L4: ALARM을 발생시키는 곳 (EQP, SPC, SYSTEM)
A5: 테이블이 SIP에만 존재 | B5: SIP | C5: SIP | E5: ALARM | F5: ALARMLEVEL | G5: 4 | H5: VARCHAR2 | I5: 40 | J5: Y | L5: ALARM 등급에 대한 Level(INFO, WARNING, ALARM)
A6: 테이블이 SIP에만 존재 | B6: SIP | C6: SIP | E6: ALARM | F6: ALARMCODE | G6: 5 | H6: VARCHAR2 | I6: 40 | J6: Y | L6: ALARM이 발생될때 장비등에서 부여하는 Code
A7: 테이블이 SIP에만 존재 | B7: SIP | C7: SIP | E7: ALARM | F7: ALARMTYPE | G7: 6 | H7: VARCHAR2 | I7: 40 | J7: Y | L7: ALARM 발생후 사용자가 발생한 Alarm을 handling할수 있는 범위들의 Type(ACTIVATE, ACKNOWLEDGE, CLEAR)
A8: 테이블이 SIP에만 존재 | B8: SIP | C8: SIP | E8: ALARM | F8: DESTTYPE | G8: 7 | H8: VARCHAR2 | I8: 40 | J8: Y | L8: ALARM 발생시 발생한 ALARM을 알릴수 있는 범위(FAB, Area, Equipment)
A9: 테이블이 SIP에만 존재 | B9: SIP | C9: SIP | E9: ALARM | F9: ALARMTEXT | G9: 8 | H9: VARCHAR2 | I9: 1000 | J9: Y | L9: 발생한 ALARM에 대한 상세 내용
A10: 테이블이 SIP에만 존재 | B10: SIP | C10: SIP | E10: ALARM | F10: ALARMSOLVE | G10: 9 | H10: VARCHAR2 | I10: 400 | J10: Y | L10: ALARM 대응방안
A11: 테이블이 SIP에만 존재 | B11: SIP | C11: SIP | E11: ALARM | F11: ALARMSTATE | G11: 10 | H11: VARCHAR2 | I11: 40 | J11: Y | L11: 발생한 ALARM의 State (ACTIVATED/ACKNOWLEDGED/CLEARED)
A12: 테이블이 SIP에만 존재 | B12: SIP | C12: SIP | E12: ALARM | F12: AREAID | G12: 11 | H12: VARCHAR2 | I12: 40 | J12: Y | L12: ALARM이 발생한 AREAID
A13: 테이블이 SIP에만 존재 | B13: SIP | C13: SIP | E13: ALARM | F13: EQUIPMENTID | G13: 12 | H13: VARCHAR2 | I13: 40 | J13: Y | L13: ALARM이 발생된 설비에 부여된 고유한 이름
A14: 테이블이 SIP에만 존재 | B14: SIP | C14: SIP | E14: ALARM | F14: ACKTIME | G14: 13 | H14: DATE | I14: 7 | J14: Y | L14: ALARM State가 Acknowledge일때 시간
A15: 테이블이 SIP에만 존재 | B15: SIP | C15: SIP | E15: ALARM | F15: ACKUSER | G15: 14 | H15: VARCHAR2 | I15: 40 | J15: Y | L15: ALARM State가 Acknowledge로 변경한 User
... A27: 테이블이 SIP에만 존재 | B27: SIP | C27: SIP | E27: ALARM | F27: EVENTCOMMENT | G27: 26 | H27: VARCHAR2 | I27: 500 | J27: Y | L27: System 커맨트
A28: 테이블이 SIP에만 존재 | B28: SIP | C28: SIP | E28: ALARMACTION | F28: ALARMGROUPID | G28: 1 | H28: VARCHAR2 | I28: 40 | J28: N | K28: PK | L28: ALARM을 발생시키는 곳 (EQP, SPC, SYSTEM)
A29: 테이블이 SIP에만 존재 | B29: SIP | C29: SIP | E29: ALARMACTION | F29: FACTORYID | G29: 2 | H29: VARCHAR2 | I29: 40 | J29: N | K29: PK | L29: 공장 ID
A30: 테이블이 SIP에만 존재 | B30: SIP | C30: SIP | E30: ALARMACTION | F30: ALARMLEVEL | G30: 3 | H30: VARCHAR2 | I30: 40 | J30: N | K30: PK | L30: ALARM 등급에 대한 Level(INFO, WARNING, ALARM)
A31: 테이블이 SIP에만 존재 | B31: SIP | C31: SIP | E31: ALARMACTION | F31: ALARMTYPE | G31: 4 | H31: VARCHAR2 | I31: 40 | J31: N | K31: PK | L31: ALARM 발생후 사용자가 발생한 Alarm을 handling할수 있는 범위들의 Type(ACTIVATE, ACKNOWLEDGE, CLEAR)
A32: 테이블이 SIP에만 존재 | B32: SIP | C32: SIP | E32: ALARMACTION | F32: ACTION | G32: 5 | H32: VARCHAR2 | I32: 40 | J32: N | K32: PK | L32: ALARM 발생시 알람행위(HoldLot,HoldEQP,Email,SMS,AlarmLamp)
A33: 테이블이 SIP에만 존재 | B33: SIP | C33: SIP | E33: ALARMACTION | F33: CHECKOUTSTATE | G33: 6 | H33: VARCHAR2 | I33: 40 | J33: Y | L33: User별 데이터 편집상태 (CheckedIn/CheckedOut/CancelCheckedOut)
A34: 테이블이 SIP에만 존재 | B34: SIP | C34: SIP | E34: ALARMACTION | F34: CHECKOUTTIME | G34: 7 | H34: DATE | I34: 7 | J34: Y | L34: 데이터 편집위해 CheckOut시간
A35: 테이블이 SIP에만 존재 | B35: SIP | C35: SIP | E35: ALARMACTION | F35: CHECKOUTUSER | G35: 8 | H35: VARCHAR2 | I35: 40 | J35: Y | L35: CheckOut 사용자ID
A36: 테이블이 SIP에만 존재 | B36: SIP | C36: SIP | E36: ALARMACTION | F36: DATASTATE | G36: 9 | H36: VARCHAR2 | I36: 10 | J36: Y | L36: 변경 상태 (Created/Removed)
A37: 테이블이 SIP에만 존재 | B37: SIP | C37: SIP | E37: ALARMACTION | F37: EVENT | G37: 10 | H37: VARCHAR2 | I37: 40 | J37: Y | L37: 이벤트 (CheckedIn/CheckedOut/CancelCheckedOut/Created/Modify/Removed)
A38: 테이블이 SIP에만 존재 | B38: SIP | C38: SIP | E38: ALARMACTION | F38: TIMEKEY | G38: 11 | H38: VARCHAR2 | I38: 40 | J38: Y | L38: 이벤트 발생 Key
A39: 테이블이 SIP에만 존재 | B39: SIP | C39: SIP | E39: ALARMACTION | F39: EVENTTIME | G39: 12 | H39: DATE | I39: 7 | J39: Y | L39: 이벤트 발생 시간
A40: 테이블이 SIP에만 존재 | B40: SIP | C40: SIP | E40: ALARMACTION | F40: EVENTUSER | G40: 13 | H40: VARCHAR2 | I40: 40 | J40: Y | L40: 이벤트 발생 사용자
A41: 테이블이 SIP에만 존재 | B41: SIP | C41: SIP | E41: ALARMACTION | F41: EVENTCOMMENT | G41: 14 | H41: VARCHAR2 | I41: 500 | J41: Y | L41: System 커맨트
A42: 테이블이 SIP에만 존재 | B42: SIP | C42: SIP | E42: ALARMACTIONHISTORY | F42: ALARMGROUPID | G42: 1 | H42: VARCHAR2 | I42: 40 | J42: N | K42: PK | L42: ALARM을 발생시키는 곳 (EQP, SPC, SYSTEM)
A43: 테이블이 SIP에만 존재 | B43: SIP | C43: SIP | E43: ALARMACTIONHISTORY | F43: FACTORYID | G43: 2 | H43: VARCHAR2 | I43: 40 | J43: N | K43: PK | L43: 공장 ID
A44: 테이블이 SIP에만 존재 | B44: SIP | C44: SIP | E44: ALARMACTIONHISTORY | F44: ALARMLEVEL | G44: 3 | H44: VARCHAR2 | I44: 40 | J44: N | K44: PK | L44: ALARM 등급에 대한 Level(INFO, WARNING, ALARM)
A45: 테이블이 SIP에만 존재 | B45: SIP | C45: SIP | E45: ALARMACTIONHISTORY | F45: ALARMTYPE | G45: 4 | H45: VARCHAR2 | I45: 40 | J45: N | K45: PK | L45: ALARM 발생후 사용자가 발생한 Alarm을 handling할수 있는 범위들의 Type(ACTIVATE, ACKNOWLEDGE, CLEAR)
A46: 테이블이 SIP에만 존재 | B46: SIP | C46: SIP | E46: ALARMACTIONHISTORY | F46: ACTION | G46: 5 | H46: VARCHAR2 | I46: 40 | J46: N | K46: PK | L46: ALARM 발생시 알람행위(HoldLot,HoldEQP,Email,SMS,AlarmLamp)
A47: 테이블이 SIP에만 존재 | B47: SIP | C47: SIP | E47: ALARMACTIONHISTORY | F47: CHECKOUTSTATE | G47: 6 | H47: VARCHAR2 | I47: 40 | J47: Y | L47: User별 데이터 편집상태 (CheckedIn/CheckedOut/CancelCheckedOut)
A48: 테이블이 SIP에만 존재 | B48: SIP | C48: SIP | E48: ALARMACTIONHISTORY | F48: CHECKOUTTIME | G48: 7 | H48: DATE | I48: 7 | J48: Y | L48: 데이터 편집위해 CheckOut시간
A49: 테이블이 SIP에만 존재 | B49: SIP | C49: SIP | E49: ALARMACTIONHISTORY | F49: CHECKOUTUSER | G49: 8 | H49: VARCHAR2 | I49: 40 | J49: Y | L49: CheckOut 사용자ID
A50: 테이블이 SIP에만 존재 | B50: SIP | C50: SIP | E50: ALARMACTIONHISTORY | F50: DATASTATE | G50: 9 | H50: VARCHAR2 | I50: 10 | J50: Y | L50: 변경 상태 (Created/Removed)
A51: 테이블이 SIP에만 존재 | B51: SIP | C51: SIP | E51: ALARMACTIONHISTORY | F51: EVENT | G51: 10 | H51: VARCHAR2 | I51: 40 | J51: Y | L51: 이벤트 (CheckedIn/CheckedOut/CancelCheckedOut/Created/Modify/Removed)
A52: 테이블이 SIP에만 존재 | B52: SIP | C52: SIP | E52: ALARMACTIONHISTORY | F52: TIMEKEY | G52: 11 | H52: VARCHAR2 | I52: 40 | J52: N | K52: PK | L52: 이벤트 발생 Key
A53: 테이블이 SIP에만 존재 | B53: SIP | C53: SIP | E53: ALARMACTIONHISTORY | F53: EVENTTIME | G53: 12 | H53: DATE | I53: 7 | J53: Y | L53: 이벤트 발생 시간
A54: 테이블이 SIP에만 존재 | B54: SIP | C54: SIP | E54: ALARMACTIONHISTORY | F54: EVENTUSER | G54: 13 | H54: VARCHAR2 | I54: 40 | J54: Y | L54: 이벤트 발생 사용자
A55: 테이블이 SIP에만 존재 | B55: SIP | C55: SIP | E55: ALARMACTIONHISTORY | F55: EVENTCOMMENT | G55: 14 | H55: VARCHAR2 | I55: 500 | J55: Y | L55: System 커맨트
A56: 테이블이 SIP에만 존재 | B56: SIP | C56: SIP | E56: ALARMCODE | F56: ALARMCODE | G56: 1 | H56: VARCHAR2 | I56: 40 | J56: N | K56: PK | L56: ALARM이 발생될때 장비등에서 부여하는 Code
A57: 테이블이 SIP에만 존재 | B57: SIP | C57: SIP | E57: ALARMCODE | F57: FACTORYID | G57: 2 | H57: VARCHAR2 | I57: 40 | J57: N | K57: PK | L57: 공장 ID
A58: 테이블이 SIP에만 존재 | B58: SIP | C58: SIP | E58: ALARMCODE | F58: ALARMGROUPID | G58: 3 | H58: VARCHAR2 | I58: 40 | J58: N | K58: PK | L58: ALARM을 발생시키는 곳 (EQP, SPC, SYSTEM)
A59: 테이블이 SIP에만 존재 | B59: SIP | C59: SIP | E59: ALARMCODE | F59: ALARMLEVEL | G59: 4 | H59: VARCHAR2 | I59: 40 | J59: Y | L59: ALARM 등급에 대한 Level(INFO, WARNING, ALARM)
A60: 테이블이 SIP에만 존재 | B60: SIP | C60: SIP | E60: ALARMCODE | F60: EQUIPMENTID | G60: 5 | H60: VARCHAR2 | I60: 40 | J60: Y | L60: ALARM이 발생된 설비에 부여된 고유한 이름
A61: 테이블이 SIP에만 존재 | B61: SIP | C61: SIP | E61: ALARMCODE | F61: ALARMTEXT | G61: 6 | H61: VARCHAR2 | I61: 400 | J61: Y | L61: 발생한 ALARM에 대한 상세 내용
A62: 테이블이 SIP에만 존재 | B62: SIP | C62: SIP | E62: ALARMCODE | F62: ALARMSOLVE | G62: 7 | H62: VARCHAR2 | I62: 400 | J62: Y | L62: ALARM 대응방안
A63: 테이블이 SIP에만 존재 | B63: SIP | C63: SIP | E63: ALARMCODE | F63: DESCRIPTION | G63: 8 | H63: VARCHAR2 | I63: 400 | J63: Y | L63: ALARMCODE에 대한 상세설명
A64: 테이블이 SIP에만 존재 | B64: SIP | C64: SIP | E64: ALARMCODE | F64: CHECKOUTSTATE | G64: 9 | H64: VARCHAR2 | I64: 40 | J64: Y | L64: User별 데이터 편집상태 (CheckedIn/CheckedOut/CancelCheckedOut)
A65: 테이블이 SIP에만 존재 | B65: SIP | C65: SIP | E65: ALARMCODE | F65: CHECKOUTTIME | G65: 10 | H65: DATE | I65: 7 | J65: Y | L65: 데이터 편집위해 CheckOut시간
A66: 테이블이 SIP에만 존재 | B66: SIP | C66: SIP | E66: ALARMCODE | F66: CHECKOUTUSER | G66: 11 | H66: VARCHAR2 | I66: 40 | J66: Y | L66: CheckOut 사용자ID
A67: 테이블이 SIP에만 존재 | B67: SIP | C67: SIP | E67: ALARMCODE | F67: DATASTATE | G67: 12 | H67: VARCHAR2 | I67: 10 | J67: Y | L67: 변경 상태 (Created/Removed)
A68: 테이블이 SIP에만 존재 | B68: SIP | C68: SIP | E68: ALARMCODE | F68: EVENT | G68: 13 | H68: VARCHAR2 | I68: 40 | J68: Y | L68: 이벤트 (CheckedIn/CheckedOut/CancelCheckedOut/Created/Modify/Removed)
A69: 테이블이 SIP에만 존재 | B69: SIP | C69: SIP | E69: ALARMCODE | F69: TIMEKEY | G69: 14 | H69: VARCHAR2 | I69: 40 | J69: Y | L69: 이벤트 발생 Key
A70: 테이블이 SIP에만 존재 | B70: SIP | C70: SIP | E70: ALARMCODE | F70: EVENTTIME | G70: 15 | H70: DATE | I70: 7 | J70: Y | L70: 이벤트 발생 시간
... A90: 테이블이 SIP에만 존재 | B90: SIP | C90: SIP | E90: ALARMCODEHISTORY | F90: EVENTCOMMENT | G90: 17 | H90: VARCHAR2 | I90: 500 | J90: Y | L90: System 커맨트
A91: 테이블이 SIP에만 존재 | B91: SIP | C91: SIP | E91: ALARMGROUP | F91: ALARMGROUPID | G91: 1 | H91: VARCHAR2 | I91: 40 | J91: N | K91: PK | L91: ALARM을 발생시키는 곳 (대분류, 예. EQUIPMENT, SPC, SYSTEM)
A92: 테이블이 SIP에만 존재 | B92: SIP | C92: SIP | E92: ALARMGROUP | F92: FACTORYID | G92: 2 | H92: VARCHAR2 | I92: 40 | J92: N | K92: PK | L92: 공장 ID
A93: 테이블이 SIP에만 존재 | B93: SIP | C93: SIP | E93: ALARMGROUP | F93: DESCRIPTION | G93: 3 | H93: VARCHAR2 | I93: 400 | J93: Y | L93: ALARMGROUP에 대한 상세설명
A94: 테이블이 SIP에만 존재 | B94: SIP | C94: SIP | E94: ALARMGROUP | F94: CHECKOUTSTATE | G94: 4 | H94: VARCHAR2 | I94: 40 | J94: Y | L94: User별 데이터 편집상태 (CheckedIn/CheckedOut/CancelCheckedOut)
A95: 테이블이 SIP에만 존재 | B95: SIP | C95: SIP | E95: ALARMGROUP | F95: CHECKOUTTIME | G95: 5 | H95: DATE | I95: 7 | J95: Y | L95: 데이터 편집위해 CheckOut시간
A96: 테이블이 SIP에만 존재 | B96: SIP | C96: SIP | E96: ALARMGROUP | F96: CHECKOUTUSER | G96: 6 | H96: VARCHAR2 | I96: 40 | J96: Y | L96: CheckOut 사용자ID
A97: 테이블이 SIP에만 존재 | B97: SIP | C97: SIP | E97: ALARMGROUP | F97: DATASTATE | G97: 7 | H97: VARCHAR2 | I97: 10 | J97: Y | L97: 변경 상태 (Created/Removed)
A98: 테이블이 SIP에만 존재 | B98: SIP | C98: SIP | E98: ALARMGROUP | F98: EVENT | G98: 8 | H98: VARCHAR2 | I98: 40 | J98: Y | L98: 이벤트 (CheckedIn/CheckedOut/CancelCheckedOut/Created/Modify/Removed)
A99: 테이블이 SIP에만 존재 | B99: SIP | C99: SIP | E99: ALARMGROUP | F99: TIMEKEY | G99: 9 | H99: VARCHAR2 | I99: 40 | J99: Y | L99: 이벤트 발생 Key
A100: 테이블이 SIP에만 존재 | B100: SIP | C100: SIP | E100: ALARMGROUP | F100: EVENTTIME | G100: 10 | H100: DATE | I100: 7 | J100: Y | L100: 이벤트 발생 시간
A101: 테이블이 SIP에만 존재 | B101: SIP | C101: SIP | E101: ALARMGROUP | F101: EVENTUSER | G101: 11 | H101: VARCHAR2 | I101: 40 | J101: Y | L101: 이벤트 발생 사용자
A102: 테이블이 SIP에만 존재 | B102: SIP | C102: SIP | E102: ALARMGROUP | F102: EVENTCOMMENT | G102: 12 | H102: VARCHAR2 | I102: 500 | J102: Y | L102: System 커맨트
A103: 테이블이 SIP에만 존재 | B103: SIP | C103: SIP | E103: ALARMGROUPHISTORY | F103: ALARMGROUPID | G103: 1 | H103: VARCHAR2 | I103: 40 | J103: N | K103: PK | L103: ALARM을 발생시키는 곳 (대분류, 예. EQUIPMENT, SPC, SYSTEM)
A104: 테이블이 SIP에만 존재 | B104: SIP | C104: SIP | E104: ALARMGROUPHISTORY | F104: FACTORYID | G104: 2 | H104: VARCHAR2 | I104: 40 | J104: N | K104: PK | L104: 공장 ID
A105: 테이블이 SIP에만 존재 | B105: SIP | C105: SIP | E105: ALARMGROUPHISTORY | F105: DESCRIPTION | G105: 3 | H105: VARCHAR2 | I105: 400 | J105: Y | L105: ALARMGROUP에 대한 상세설명
A106: 테이블이 SIP에만 존재 | B106: SIP | C106: SIP | E106: ALARMGROUPHISTORY | F106: CHECKOUTSTATE | G106: 4 | H106: VARCHAR2 | I106: 40 | J106: Y | L106: User별 데이터 편집상태 (CheckedIn/CheckedOut/CancelCheckedOut)
A107: 테이블이 SIP에만 존재 | B107: SIP | C107: SIP | E107: ALARMGROUPHISTORY | F107: CHECKOUTTIME | G107: 5 | H107: DATE | I107: 7 | J107: Y | L107: 데이터 편집위해 CheckOut시간
A108: 테이블이 SIP에만 존재 | B108: SIP | C108: SIP | E108: ALARMGROUPHISTORY | F108: CHECKOUTUSER | G108: 6 | H108: VARCHAR2 | I108: 40 | J108: Y | L108: CheckOut 사용자ID
A109: 테이블이 SIP에만 존재 | B109: SIP | C109: SIP | E109: ALARMGROUPHISTORY | F109: DATASTATE | G109: 7 | H109: VARCHAR2 | I109: 10 | J109: Y | L109: 변경 상태 (Created/Removed)
A110: 테이블이 SIP에만 존재 | B110: SIP | C110: SIP | E110: ALARMGROUPHISTORY | F110: EVENT | G110: 8 | H110: VARCHAR2 | I110: 40 | J110: Y | L110: 이벤트 (CheckedIn/CheckedOut/CancelCheckedOut/Created/Modify/Removed)
A111: 테이블이 SIP에만 존재 | B111: SIP | C111: SIP | E111: ALARMGROUPHISTORY | F111: TIMEKEY | G111: 9 | H111: VARCHAR2 | I111: 40 | J111: N | K111: PK | L111: 이벤트 발생 Key
A112: 테이블이 SIP에만 존재 | B112: SIP | C112: SIP | E112: ALARMGROUPHISTORY | F112: EVENTTIME | G112: 10 | H112: DATE | I112: 7 | J112: Y | L112: 이벤트 발생 시간
A113: 테이블이 SIP에만 존재 | B113: SIP | C113: SIP | E113: ALARMGROUPHISTORY | F113: EVENTUSER | G113: 11 | H113: VARCHAR2 | I113: 40 | J113: Y | L113: 이벤트 발생 사용자
A114: 테이블이 SIP에만 존재 | B114: SIP | C114: SIP | E114: ALARMGROUPHISTORY | F114: EVENTCOMMENT | G114: 12 | H114: VARCHAR2 | I114: 500 | J114: Y | L114: System 커맨트
A115: 테이블이 SIP에만 존재 | B115: SIP | C115: SIP | E115: ALARMHISTORY | F115: ALARMID | G115: 1 | H115: VARCHAR2 | I115: 40 | J115: N | K115: PK | L115: 발생한 ALARM별 Unique한 ID
A116: 테이블이 SIP에만 존재 | B116: SIP | C116: SIP | E116: ALARMHISTORY | F116: FACTORYID | G116: 2 | H116: VARCHAR2 | I116: 40 | J116: N | K116: PK | L116: 공장 ID
A117: 테이블이 SIP에만 존재 | B117: SIP | C117: SIP | E117: ALARMHISTORY | F117: ALARMGROUPID | G117: 3 | H117: VARCHAR2 | I117: 40 | J117: Y | L117: ALARM을 발생시키는 곳 (EQP, SPC, SYSTEM)
A118: 테이블이 SIP에만 존재 | B118: SIP | C118: SIP | E118: ALARMHISTORY | F118: ALARMLEVEL | G118: 4 | H118: VARCHAR2 | I118: 40 | J118: Y | L118: ALARM 등급에 대한 Level(INFO, WARNING, ALARM)
A119: 테이블이 SIP에만 존재 | B119: SIP | C119: SIP | E119: ALARMHISTORY | F119: ALARMCODE | G119: 5 | H119: VARCHAR2 | I119: 40 | J119: Y | L119: ALARM이 발생될때 장비등에서 부여하는 Code
A120: 테이블이 SIP에만 존재 | B120: SIP | C120: SIP | E120: ALARMHISTORY | F120: ALARMTYPE | G120: 6 | H120: VARCHAR2 | I120: 40 | J120: Y | L120: ALARM 발생후 사용자가 발생한 Alarm을 handling할수 있는 범위들의 Type(ACTIVATE, ACKNOWLEDGE, CLEAR)
A121: 테이블이 SIP에만 존재 | B121: SIP | C121: SIP | E121: ALARMHISTORY | F121: DESTTYPE | G121: 7 | H121: VARCHAR2 | I121: 40 | J121: Y | L121: ALARM 발생시 발생한 ALARM을 알릴수 있는 범위(FAB, Area, Equipment)
A122: 테이블이 SIP에만 존재 | B122: SIP | C122: SIP | E122: ALARMHISTORY | F122: ALARMTEXT | G122: 8 | H122: VARCHAR2 | I122: 1000 | J122: Y | L122: 발생한 ALARM에 대한 상세 내용
A123: 테이블이 SIP에만 존재 | B123: SIP | C123: SIP | E123: ALARMHISTORY | F123: ALARMSOLVE | G123: 9 | H123: VARCHAR2 | I123: 400 | J123: Y | L123: ALARM 대응방안
A124: 테이블이 SIP에만 존재 | B124: SIP | C124: SIP | E124: ALARMHISTORY | F124: ALARMSTATE | G124: 10 | H124: VARCHAR2 | I124: 40 | J124: Y | L124: 발생한 ALARM의 State (ACTIVATED/ACKNOWLEDGED/CLEARED)
A125: 테이블이 SIP에만 존재 | B125: SIP | C125: SIP | E125: ALARMHISTORY | F125: AREAID | G125: 11 | H125: VARCHAR2 | I125: 40 | J125: Y | L125: ALARM이 발생한 AREAID
A126: 테이블이 SIP에만 존재 | B126: SIP | C126: SIP | E126: ALARMHISTORY | F126: EQUIPMENTID | G126: 12 | H126: VARCHAR2 | I126: 40 | J126: Y | L126: ALARM이 발생된 설비에 부여된 고유한 이름
A127: 테이블이 SIP에만 존재 | B127: SIP | C127: SIP | E127: ALARMHISTORY | F127: ACKTIME | G127: 13 | H127: DATE | I127: 7 | J127: Y | L127: ALARM State가 Acknowledge일때 시간
A128: 테이블이 SIP에만 존재 | B128: SIP | C128: SIP | E128: ALARMHISTORY | F128: ACKUSER | G128: 14 | H128: VARCHAR2 | I128: 40 | J128: Y | L128: ALARM State가 Acknowledge로 변경한 User
... A136: 테이블이 SIP에만 존재 | B136: SIP | C136: SIP | E136: ALARMHISTORY | F136: EVENT | G136: 22 | H136: VARCHAR2 | I136: 40 | J136: Y | L136: 이벤트 (CheckedIn/CheckedOut/CancelCheckedOut/Created/Modify/Removed)
A137: 테이블이 SIP에만 존재 | B137: SIP | C137: SIP | E137: ALARMHISTORY | F137: TIMEKEY | G137: 23 | H137: VARCHAR2 | I137: 40 | J137: N | K137: PK | L137: 이벤트 발생 Key
...

Sheet 테이블_ISM
A1: 테이블 존재 | B1: TABLE_NAME | C1: COMMENTS | D1: CURHIST | E1: TABLESPACE_TABLE | F1: TABLESPACE_INDEX | G1: PARTITION_BY
A2: =IF(COUNTIFS(테이블_SIP!$B$2:$B$214, 테이블_ISM!B2)=0, "ISM", "ALL") -> ALL | B2: AREA | C2: 생산 영역 기준정보 | D2: Master | E2: GC_MES_MDM_DAT | F2: GC_MES_MDM_IDX
A3: =IF(COUNTIFS(테이블_SIP!$B$2:$B$214, 테이블_ISM!B3)=0, "ISM", "ALL") -> ALL | B3: AREAHISTORY | C3: 생산 영역 기준정보 이력 | D3: History | E3: GC_MES_HIST_DAT | F3: GC_MES_HIST_IDX
A4: =IF(COUNTIFS(테이블_SIP!$B$2:$B$214, 테이블_ISM!B4)=0, "ISM", "ALL") -> ALL | B4: ATTRIBUTE | C4: 기준정보 공통UI 그리드항목 모델링 기준정보 | D4: Master | E4: GC_MES_MDM_DAT | F4: GC_MES_MDM_IDX
A5: =IF(COUNTIFS(테이블_SIP!$B$2:$B$214, 테이블_ISM!B5)=0, "ISM", "ALL") -> ALL | B5: ATTRIBUTEHISTORY | C5: 기준정보 공통UI 그리드항목 모델링 기준정보 | D5: History | E5: GC_MES_HIST_DAT | F5: GC_MES_HIST_IDX
A6: =IF(COUNTIFS(테이블_SIP!$B$2:$B$214, 테이블_ISM!B6)=0, "ISM", "ALL") -> ALL | B6: AUTHOR | C6: 권한ID 기준정보 | D6: Master | E6: GC_MES_MDM_DAT | F6: GC_MES_MDM_IDX
A7: =IF(COUNTIFS(테이블_SIP!$B$2:$B$214, 테이블_ISM!B7)=0, "ISM", "ALL") -> ALL | B7: AUTHORHISTORY | C7: 권한그룹ID 기준정보 | D7: History | E7: GC_MES_HIST_DAT | F7: GC_MES_HIST_IDX
A8: =IF(COUNTIFS(테이블_SIP!$B$2:$B$214, 테이블_ISM!B8)=0, "ISM", "ALL") -> ALL | B8: AUTHORMENU | C8: 권한그룹별 메뉴권한 매핑정보 | D8: Master | E8: GC_MES_MDM_DAT | F8: GC_MES_MDM_IDX
A9: =IF(COUNTIFS(테이블_SIP!$B$2:$B$214, 테이블_ISM!B9)=0, "ISM", "ALL") -> ALL | B9: AUTHORMENUHISTORY | C9: 권한그룹별 메뉴권한 매핑정보 | D9: History | E9: GC_MES_HIST_DAT | F9: GC_MES_HIST_IDX
A10: =IF(COUNTIFS(테이블_SIP!$B$2:$B$214, 테이블_ISM!B10)=0, "ISM", "ALL") -> ALL | B10: AUTHREASONCODE | C10: 권한별 사유코드 관리 | D10: Master | E10: GC_MES_MDM_DAT | F10: GC_MES_MDM_IDX
A11: =IF(COUNTIFS(테이블_SIP!$B$2:$B$214, 테이블_ISM!B11)=0, "ISM", "ALL") -> ALL | B11: AUTHREASONCODEHISTORY | D11: Master | E11: GC_MES_MDM_DAT | F11: GC_MES_HIST_IDX
A12: =IF(COUNTIFS(테이블_SIP!$B$2:$B$214, 테이블_ISM!B12)=0, "ISM", "ALL") -> ALL | B12: BEHAVIOR | C12: 기준정보 공통UI 그리드항목 모델링 기준정보 | D12: Master | E12: GC_MES_MDM_DAT | F12: GC_MES_MDM_IDX
A13: =IF(COUNTIFS(테이블_SIP!$B$2:$B$214, 테이블_ISM!B13)=0, "ISM", "ALL") -> ALL | B13: BEHAVIORHISTORY | C13: 기준정보 공통UI 그리드항목 모델링 기준정보 | D13: History | E13: GC_MES_HIST_DAT | F13: GC_MES_HIST_IDX
A14: =IF(COUNTIFS(테이블_SIP!$B$2:$B$214, 테이블_ISM!B14)=0, "ISM", "ALL") -> ALL | B14: CARRIER | C14: 캐리어 ID 정보 | D14: Master | E14: GC_MES_STD_DAT | F14: GC_MES_STD_IDX
A15: =IF(COUNTIFS(테이블_SIP!$B$2:$B$214, 테이블_ISM!B15)=0, "ISM", "ALL") -> ALL | B15: CARRIERDEF | C15: 캐리어 기준정보 | D15: Master | E15: GC_MES_MDM_DAT | F15: GC_MES_MDM_IDX
A16: =IF(COUNTIFS(테이블_SIP!$B$2:$B$214, 테이블_ISM!B16)=0, "ISM", "ALL") -> ALL | B16: CARRIERDEFHISTORY | C16: 캐리어 기준정보 이력 | D16: History | E16: GC_MES_HIST_DAT | F16: GC_MES_HIST_IDX
A17: =IF(COUNTIFS(테이블_SIP!$B$2:$B$214, 테이블_ISM!B17)=0, "ISM", "ALL") -> ALL | B17: CARRIERHISTORY | C17: 캐리어 기준정보 이력 | D17: History | E17: GC_MES_HIST_DAT | F17: GC_MES_HIST_IDX
A18: =IF(COUNTIFS(테이블_SIP!$B$2:$B$214, 테이블_ISM!B18)=0, "ISM", "ALL") -> ALL | B18: COLUMNDEF | D18: Master | E18: GC_MES_MDM_DAT
A19: =IF(COUNTIFS(테이블_SIP!$B$2:$B$214, 테이블_ISM!B19)=0, "ISM", "ALL") -> ISM | B19: CONSTANTDEF | C19: 상수 정의 기준정보 | D19: Master | E19: GC_MES_MDM_DAT | F19: GC_MES_MDM_IDX
A20: =IF(COUNTIFS(테이블_SIP!$B$2:$B$214, 테이블_ISM!B20)=0, "ISM", "ALL") -> ISM | B20: CONSTANTDEFHISTORY | C20: 상수 정의 기준정보 | D20: History | E20: GC_MES_HIST_DAT | F20: GC_MES_HIST_IDX
A21: =IF(COUNTIFS(테이블_SIP!$B$2:$B$214, 테이블_ISM!B21)=0, "ISM", "ALL") -> ALL | B21: CONSUMABLELOT | C21: 소모성자재LOT 정보 | D21: Master | E21: GC_MES_STD_DAT | F21: GC_MES_STD_IDX
A22: =IF(COUNTIFS(테이블_SIP!$B$2:$B$214, 테이블_ISM!B22)=0, "ISM", "ALL") -> ALL | B22: CONSUMABLELOTHISTORY | C22: 소모성자재LOT 정보 | D22: History | E22: GC_MES_HIST_DAT | F22: GC_MES_HIST_IDX
A23: =IF(COUNTIFS(테이블_SIP!$B$2:$B$214, 테이블_ISM!B23)=0, "ISM", "ALL") -> ALL | B23: DURABLELOT | C23: Durable자재 LOT 정보 | D23: Master | E23: GC_MES_STD_DAT | F23: GC_MES_STD_IDX
A24: =IF(COUNTIFS(테이블_SIP!$B$2:$B$214, 테이블_ISM!B24)=0, "ISM", "ALL") -> ALL | B24: DURABLELOTHISTORY | C24: Durable자재LOT 정보 이력 | D24: History | E24: GC_MES_HIST_DAT
A25: =IF(COUNTIFS(테이블_SIP!$B$2:$B$214, 테이블_ISM!B25)=0, "ISM", "ALL") -> ISM | B25: EAPERRORLOG | D25: Master | E25: DXPLUS
A26: =IF(COUNTIFS(테이블_SIP!$B$2:$B$214, 테이블_ISM!B26)=0, "ISM", "ALL") -> ALL | B26: ENUM | C26: 기타코드 정의 | D26: Master | E26: GC_MES_MDM_DAT | F26: GC_MES_MDM_IDX
A27: =IF(COUNTIFS(테이블_SIP!$B$2:$B$214, 테이블_ISM!B27)=0, "ISM", "ALL") -> ALL | B27: ENUMHISTORY | C27: 기타코드 정의 | D27: History | E27: GC_MES_HIST_DAT | F27: GC_MES_HIST_IDX
A28: =IF(COUNTIFS(테이블_SIP!$B$2:$B$214, 테이블_ISM!B28)=0, "ISM", "ALL") -> ALL | B28: ENUMVALUE | C28: 기타코드의 Enum 코드정의 기준정보 | D28: Master | E28: GC_MES_MDM_DAT | F28: GC_MES_MDM_IDX
A29: =IF(COUNTIFS(테이블_SIP!$B$2:$B$214, 테이블_ISM!B29)=0, "ISM", "ALL") -> ALL | B29: ENUMVALUEHISTORY | C29: 기타코드의 Enum 코드정의 기준정보 | D29: History | E29: GC_MES_HIST_DAT | F29: GC_MES_HIST_IDX
A30: =IF(COUNTIFS(테이블_SIP!$B$2:$B$214, 테이블_ISM!B30)=0, "ISM", "ALL") -> ISM | B30: EPS_MMDSTATETIME_DAY | D30: History | E30: GC_MES_HIST_DAT
A31: =IF(COUNTIFS(테이블_SIP!$B$2:$B$214, 테이블_ISM!B31)=0, "ISM", "ALL") -> ISM | B31: EQPMEASUREDATA | D31: Master | E31: DXPLUS
A32: =IF(COUNTIFS(테이블_SIP!$B$2:$B$214, 테이블_ISM!B32)=0, "ISM", "ALL") -> ISM | B32: EQPMEASUREDATAHISTORY | D32: History | E32: GC_MES_HIST_DAT | F32: GC_MES_HIST_IDX
A33: =IF(COUNTIFS(테이블_SIP!$B$2:$B$214, 테이블_ISM!B33)=0, "ISM", "ALL") -> ISM | B33: EQPPREVENTPLAN | D33: Master | E33: GC_MES_MDM_DAT | F33: GC_MES_MDM_IDX
A34: =IF(COUNTIFS(테이블_SIP!$B$2:$B$214, 테이블_ISM!B34)=0, "ISM", "ALL") -> ISM | B34: EQPPREVENTPLANHISTORY | D34: Master | E34: GC_MES_MDM_DAT | F34: GC_MES_MDM_IDX
A35: =IF(COUNTIFS(테이블_SIP!$B$2:$B$214, 테이블_ISM!B35)=0, "ISM", "ALL") -> ALL | B35: EQUIPMENT | C35: 설비 ID 정의 | D35: Master | E35: GC_MES_STD_DAT | F35: GC_MES_STD_IDX
A36: =IF(COUNTIFS(테이블_SIP!$B$2:$B$214, 테이블_ISM!B36)=0, "ISM", "ALL") -> ISM | B36: EQUIPMENTBMDATA | D36: Master | E36: GC_MES_MDM_DAT | F36: GC_MES_MDM_IDX
A37: =IF(COUNTIFS(테이블_SIP!$B$2:$B$214, 테이블_ISM!B37)=0, "ISM", "ALL") -> ISM | B37: EQUIPMENTBMDATAHISTORY | D37: History | E37: GC_MES_HIST_DAT | F37: GC_MES_HIST_IDX
A38: =IF(COUNTIFS(테이블_SIP!$B$2:$B$214, 테이블_ISM!B38)=0, "ISM", "ALL") -> ISM | B38: EQUIPMENTCOMMSTATE | C38: 설비통신상태 기준정보 | D38: Master | E38: GC_MES_STD_DAT | F38: GC_MES_STD_IDX
A39: =IF(COUNTIFS(테이블_SIP!$B$2:$B$214, 테이블_ISM!B39)=0, "ISM", "ALL") -> ISM | B39: EQUIPMENTCOMMSTATEHISTORY | C39: 설비통신상태 기준정보 | D39: History | E39: GC_MES_HIST_DAT | F39: GC_MES_HIST_IDX
A40: =IF(COUNTIFS(테이블_SIP!$B$2:$B$214, 테이블_ISM!B40)=0, "ISM", "ALL") -> ALL | B40: EQUIPMENTDEF | C40: 설비코드 기준정보 | D40: Master | E40: GC_MES_MDM_DAT | F40: GC_MES_MDM_IDX
A41: =IF(COUNTIFS(테이블_SIP!$B$2:$B$214, 테이블_ISM!B41)=0, "ISM", "ALL") -> ALL | B41: EQUIPMENTDEFHISTORY | C41: 설비ID 기준정보 이력 | D41: History | E41: GC_MES_HIST_DAT | F41: GC_MES_HIST_IDX
A42: =IF(COUNTIFS(테이블_SIP!$B$2:$B$214, 테이블_ISM!B42)=0, "ISM", "ALL") -> ISM | B42: EQUIPMENTGROUP | C42: 설비그룹코드 기준정보 | D42: Master | E42: GC_MES_MDM_DAT | F42: GC_MES_MDM_IDX
A43: =IF(COUNTIFS(테이블_SIP!$B$2:$B$214, 테이블_ISM!B43)=0, "ISM", "ALL") -> ISM | B43: EQUIPMENTGROUPHISTORY | C43: 설비그룹 기준정보 이력 | D43: History | E43: GC_MES_HIST_DAT | F43: GC_MES_HIST_IDX
A44: =IF(COUNTIFS(테이블_SIP!$B$2:$B$214, 테이블_ISM!B44)=0, "ISM", "ALL") -> ALL | B44: EQUIPMENTHISTORY | C44: 설비 ID 정의 | D44: History | E44: GC_MES_HIST_DAT | F44: GC_MES_HIST_IDX
A45: =IF(COUNTIFS(테이블_SIP!$B$2:$B$214, 테이블_ISM!B45)=0, "ISM", "ALL") -> ISM | B45: EQUIPMENTMODEL | C45: 설비모델 정의 기준정보 | D45: Master | E45: GC_MES_MDM_DAT | F45: GC_MES_MDM_IDX
A46: =IF(COUNTIFS(테이블_SIP!$B$2:$B$214, 테이블_ISM!B46)=0, "ISM", "ALL") -> ISM | B46: EQUIPMENTMODELHISTORY | C46: 설비모델 정의 기준정보 | D46: History | E46: GC_MES_HIST_DAT | F46: GC_MES_HIST_IDX
A47: =IF(COUNTIFS(테이블_SIP!$B$2:$B$214, 테이블_ISM!B47)=0, "ISM", "ALL") -> ALL | B47: EQUIPMENTSTATE | C47: 설비상태 정보 | D47: Master | E47: GC_MES_MDM_DAT | F47: GC_MES_MDM_IDX
A48: =IF(COUNTIFS(테이블_SIP!$B$2:$B$214, 테이블_ISM!B48)=0, "ISM", "ALL") -> ALL | B48: EQUIPMENTSTATEHISTORY | C48: 설비상태 정보 | D48: History | E48: GC_MES_HIST_DAT | F48: GC_MES_HIST_IDX
A49: =IF(COUNTIFS(테이블_SIP!$B$2:$B$214, 테이블_ISM!B49)=0, "ISM", "ALL") -> ALL | B49: FACTORY | C49: 공장 기준정보 | D49: Master | E49: GC_MES_MDM_DAT | F49: GC_MES_MDM_IDX
... A52: =IF(COUNTIFS(테이블_SIP!$B$2:$B$214, 테이블_ISM!B52)=0, "ISM", "ALL") -> ALL | B52: FACTORYRELATIONHISTORY | C52: 공장간 Relation 기준정보 | D52: History | E52: GC_MES_HIST_DAT | F52: GC_MES_HIST_IDX
A53: =IF(COUNTIFS(테이블_SIP!$B$2:$B$214, 테이블_ISM!B53)=0, "ISM", "ALL") -> ALL | B53: FILEIF | D53: Master | E53: GC_MES_MDM_DAT | F53: GC_MES_MDM_IDX
A54: =IF(COUNTIFS(테이블_SIP!$B$2:$B$214, 테이블_ISM!B54)=0, "ISM", "ALL") -> ALL | B54: FILEIFDEF | C54: 파일 IF 기준정보 | D54: Master | E54: GC_MES_STD_DAT | F54: GC_MES_STD_IDX
A55: =IF(COUNTIFS(테이블_SIP!$B$2:$B$214, 테이블_ISM!B55)=0, "ISM", "ALL") -> ALL | B55: FILEIFDEFHISTORY | C55: 파일 IF 기준정보히스토리 | D55: History | E55: GC_MES_HIST_DAT | F55: GC_MES_HIST_IDX
A56: =IF(COUNTIFS(테이블_SIP!$B$2:$B$214, 테이블_ISM!B56)=0, "ISM", "ALL") -> ALL | B56: FILEMANAGEMENT | C56: 파일관리히스토리 | D56: Master | E56: GC_MES_MDM_DAT | F56: GC_MES_MDM_IDX
A57: =IF(COUNTIFS(테이블_SIP!$B$2:$B$214, 테이블_ISM!B57)=0, "ISM", "ALL") -> ALL | B57: FILEMANAGEMENTHISTORY | C57: 파일관리히스토리 | D57: History | E57: GC_MES_HIST_DAT | F57: GC_MES_HIST_IDX
A58: =IF(COUNTIFS(테이블_SIP!$B$2:$B$214, 테이블_ISM!B58)=0, "ISM", "ALL") -> ALL | B58: FMBPOSITION | D58: Master | E58: DXPLUS | F58: DXPLUS
A59: =IF(COUNTIFS(테이블_SIP!$B$2:$B$214, 테이블_ISM!B59)=0, "ISM", "ALL") -> ALL | B59: FMBPOSITIONHISTORY | D59: Master | E59: DXPLUS | F59: DXPLUS
A60: =IF(COUNTIFS(테이블_SIP!$B$2:$B$214, 테이블_ISM!B60)=0, "ISM", "ALL") -> ALL | B60: IDRULE | C60: 자동채번 ID정의 기준정보 | D60: Master | E60: GC_MES_MDM_DAT | F60: GC_MES_MDM_IDX
A61: =IF(COUNTIFS(테이블_SIP!$B$2:$B$214, 테이블_ISM!B61)=0, "ISM", "ALL") -> ALL | B61: IDRULEHISTORY | C61: 자동채번 ID정의 기준정보 | D61: History | E61: GC_MES_HIST_DAT | F61: GC_MES_HIST_IDX
A62: =IF(COUNTIFS(테이블_SIP!$B$2:$B$214, 테이블_ISM!B62)=0, "ISM", "ALL") -> ALL | B62: IDRULESEQUENCE | C62: 자동채번 순서번호 기준정보 | D62: Master | E62: GC_MES_MDM_DAT | F62: GC_MES_MDM_IDX
A63: =IF(COUNTIFS(테이블_SIP!$B$2:$B$214, 테이블_ISM!B63)=0, "ISM", "ALL") -> ALL | B63: INDEXFILEPARSE | C63: 자동채번 ID정의 기준정보 | D63: Master | E63: GC_MES_MDM_DAT | F63: GC_MES_MDM_IDX
A64: =IF(COUNTIFS(테이블_SIP!$B$2:$B$214, 테이블_ISM!B64)=0, "ISM", "ALL") -> ISM | B64: INSPECTCOUNTDEF | D64: Master | E64: GC_MES_MDM_DAT | F64: GC_MES_MDM_IDX
A65: =IF(COUNTIFS(테이블_SIP!$B$2:$B$214, 테이블_ISM!B65)=0, "ISM", "ALL") -> ISM | B65: INSPECTCOUNTDEFHISTORY | D65: History | E65: GC_MES_HIST_DAT | F65: GC_MES_HIST_IDX
A66: =IF(COUNTIFS(테이블_SIP!$B$2:$B$214, 테이블_ISM!B66)=0, "ISM", "ALL") -> ISM | B66: JUDGEDEF | C66: QC검사 판정기준 기준정보 | D66: Master | E66: GC_MES_MDM_DAT | F66: GC_MES_MDM_IDX
A67: =IF(COUNTIFS(테이블_SIP!$B$2:$B$214, 테이블_ISM!B67)=0, "ISM", "ALL") -> ISM | B67: JUDGEDEFHISTORY | D67: History | E67: GC_MES_HIST_DAT | F67: GC_MES_HIST_IDX
A68: =IF(COUNTIFS(테이블_SIP!$B$2:$B$214, 테이블_ISM!B68)=0, "ISM", "ALL") -> ALL | B68: LABELFORMDEF | C68: 라벨양식정의 기준정보 | D68: Master | E68: GC_MES_MDM_DAT | F68: GC_MES_MDM_IDX
A69: =IF(COUNTIFS(테이블_SIP!$B$2:$B$214, 테이블_ISM!B69)=0, "ISM", "ALL") -> ALL | B69: LABELFORMDEFHISTORY | C69: 라벨양식정의 기준정보 | D69: History | E69: GC_MES_HIST_DAT | F69: GC_MES_HIST_IDX
A70: =IF(COUNTIFS(테이블_SIP!$B$2:$B$214, 테이블_ISM!B70)=0, "ISM", "ALL") -> ALL | B70: LABELITEMDEF | C70: 라벨항목 상세정의 기준정보 | D70: Master | E70: GC_MES_MDM_DAT | F70: GC_MES_MDM_IDX
A71: =IF(COUNTIFS(테이블_SIP!$B$2:$B$214, 테이블_ISM!B71)=0, "ISM", "ALL") -> ALL | B71: LABELITEMDEFHISTORY | C71: 라벨양식의 항목정의 기준정보 이력 | D71: History | E71: GC_MES_HIST_DAT | F71: GC_MES_HIST_IDX
A72: =IF(COUNTIFS(테이블_SIP!$B$2:$B$214, 테이블_ISM!B72)=0, "ISM", "ALL") -> ISM | B72: LOGINFOTEMP | C72: Log 이력정보 | D72: Master | E72: GC_MES_MDM_DAT
A73: =IF(COUNTIFS(테이블_SIP!$B$2:$B$214, 테이블_ISM!B73)=0, "ISM", "ALL") -> ALL | B73: LOT | C73: LOT정보 | D73: Master | E73: GC_MES_STD_DAT | F73: GC_MES_STD_IDX
A74: =IF(COUNTIFS(테이블_SIP!$B$2:$B$214, 테이블_ISM!B74)=0, "ISM", "ALL") -> ALL | B74: LOTATTRIBUTE | D74: Master | E74: GC_MES_STD_DAT | F74: GC_MES_STD_DAT
A75: =IF(COUNTIFS(테이블_SIP!$B$2:$B$214, 테이블_ISM!B75)=0, "ISM", "ALL") -> ALL | B75: LOTATTRIBUTEHISTORY | D75: Master | E75: GC_MES_STD_DAT | F75: GC_MES_STD_DAT
A76: =IF(COUNTIFS(테이블_SIP!$B$2:$B$214, 테이블_ISM!B76)=0, "ISM", "ALL") -> ALL | B76: LOTCOMMENT | D76: Master | E76: GC_MES_STD_DAT | F76: GC_MES_STD_IDX
A77: =IF(COUNTIFS(테이블_SIP!$B$2:$B$214, 테이블_ISM!B77)=0, "ISM", "ALL") -> ALL | B77: LOTCOMMENTHISTORY | C77: LOT별 작업내역 관리정보 이력 | D77: History | E77: GC_MES_HIST_DAT | F77: GC_MES_HIST_IDX
A78: =IF(COUNTIFS(테이블_SIP!$B$2:$B$214, 테이블_ISM!B78)=0, "ISM", "ALL") -> ALL | B78: LOTDEFECT | D78: Master | E78: GC_MES_STD_DAT | F78: GC_MES_STD_IDX
A79: =IF(COUNTIFS(테이블_SIP!$B$2:$B$214, 테이블_ISM!B79)=0, "ISM", "ALL") -> ALL | B79: LOTDEFECTANALYZE | D79: Master | E79: GC_MES_STD_DAT | F79: GC_MES_STD_IDX
A80: =IF(COUNTIFS(테이블_SIP!$B$2:$B$214, 테이블_ISM!B80)=0, "ISM", "ALL") -> ALL | B80: LOTDEFECTANALYZEHISTORY | D80: Master | E80: GC_MES_STD_DAT | F80: GC_MES_STD_IDX
A81: =IF(COUNTIFS(테이블_SIP!$B$2:$B$214, 테이블_ISM!B81)=0, "ISM", "ALL") -> ALL | B81: LOTDEFECTHISTORY | D81: Master | E81: GC_MES_STD_DAT | F81: GC_MES_STD_IDX
A82: =IF(COUNTIFS(테이블_SIP!$B$2:$B$214, 테이블_ISM!B82)=0, "ISM", "ALL") -> ALL | B82: LOTFUTUREACTION | C82: LOT작업 예약 기준정보 | D82: Master | E82: GC_MES_STD_DAT | F82: GC_MES_STD_IDX
A83: =IF(COUNTIFS(테이블_SIP!$B$2:$B$214, 테이블_ISM!B83)=0, "ISM", "ALL") -> ALL | B83: LOTFUTUREACTIONHISTORY | C83: LOT작업 예약 기준정보 | D83: History | E83: GC_MES_HIST_DAT | F83: GC_MES_HIST_IDX
A84: =IF(COUNTIFS(테이블_SIP!$B$2:$B$214, 테이블_ISM!B84)=0, "ISM", "ALL") -> ALL | B84: LOTGENEALOGY | C84: LOT 간 파생 연결정보 | D84: Master | E84: GC_MES_STD_DAT | F84: GC_MES_STD_IDX
A85: =IF(COUNTIFS(테이블_SIP!$B$2:$B$214, 테이블_ISM!B85)=0, "ISM", "ALL") -> ALL | B85: LOTGENEALOGYHISTORY | C85: LOT 간 파생 연결정보 이력 | D85: History | E85: GC_MES_HIST_DAT | F85: GC_MES_HIST_IDX
A86: =IF(COUNTIFS(테이블_SIP!$B$2:$B$214, 테이블_ISM!B86)=0, "ISM", "ALL") -> ALL | B86: LOTHISTORY | C86: LOT별 발생이력 | D86: History | E86: GC_MES_HIST_DAT | F86: GC_MES_HIST_IDX
A87: =IF(COUNTIFS(테이블_SIP!$B$2:$B$214, 테이블_ISM!B87)=0, "ISM", "ALL") -> ALL | B87: LOTHOLD | C87: LOT별 HOLD 정보 | D87: Master | E87: GC_MES_STD_DAT | F87: GC_MES_STD_IDX
A88: =IF(COUNTIFS(테이블_SIP!$B$2:$B$214, 테이블_ISM!B88)=0, "ISM", "ALL") -> ALL | B88: LOTHOLDHISTORY | C88: LOT별 HOLD 정보 | D88: History | E88: GC_MES_HIST_DAT | F88: GC_MES_HIST_IDX
A89: =IF(COUNTIFS(테이블_SIP!$B$2:$B$214, 테이블_ISM!B89)=0, "ISM", "ALL") -> ALL | B89: LOTINSPECTRESULT | C89: QC 검사결과 정보 | D89: Master | E89: GC_MES_STD_DAT | F89: GC_MES_STD_DAT
A90: =IF(COUNTIFS(테이블_SIP!$B$2:$B$214, 테이블_ISM!B90)=0, "ISM", "ALL") -> ALL | B90: LOTINSPECTRESULTHISTORY | C90: QC 검사결과 정보 | D90: History | E90: GC_MES_HIST_DAT | F90: GC_MES_HIST_IDX
A91: =IF(COUNTIFS(테이블_SIP!$B$2:$B$214, 테이블_ISM!B91)=0, "ISM", "ALL") -> ALL | B91: LOTMEASUREDATA | D91: Master | E91: GC_MES_STD_DAT | F91: GC_MES_STD_IDX
A92: =IF(COUNTIFS(테이블_SIP!$B$2:$B$214, 테이블_ISM!B92)=0, "ISM", "ALL") -> ISM | B92: LOTMEASUREDATAHISTORY | D92: History | E92: GC_MES_HIST_DAT | F92: GC_MES_HIST_IDX
A93: =IF(COUNTIFS(테이블_SIP!$B$2:$B$214, 테이블_ISM!B93)=0, "ISM", "ALL") -> ISM | B93: LOTQCREPORT | D93: Master | E93: GC_MES_STD_DAT | F93: GC_MES_STD_IDX
A94: =IF(COUNTIFS(테이블_SIP!$B$2:$B$214, 테이블_ISM!B94)=0, "ISM", "ALL") -> ISM | B94: LOTQCREPORTDATA | D94: Master | E94: GC_MES_STD_DAT | F94: GC_MES_STD_IDX
A95: =IF(COUNTIFS(테이블_SIP!$B$2:$B$214, 테이블_ISM!B95)=0, "ISM", "ALL") -> ISM | B95: LOTQCREPORTDATAHISTORY | D95: History | E95: GC_MES_HIST_DAT | F95: GC_MES_STD_DAT
A96: =IF(COUNTIFS(테이블_SIP!$B$2:$B$214, 테이블_ISM!B96)=0, "ISM", "ALL") -> ISM | B96: LOTQCREPORTHISTORY | D96: History | E96: GC_MES_HIST_DAT | F96: GC_MES_STD_DAT
A97: =IF(COUNTIFS(테이블_SIP!$B$2:$B$214, 테이블_ISM!B97)=0, "ISM", "ALL") -> ALL | B97: LOTQUEUETIME | C97: LOT별 Qtime 발생정보 | D97: Master | E97: GC_MES_STD_DAT | F97: GC_MES_STD_IDX
A98: =IF(COUNTIFS(테이블_SIP!$B$2:$B$214, 테이블_ISM!B98)=0, "ISM", "ALL") -> ALL | B98: LOTQUEUETIMEHISTORY | C98: LOT별 Qtime 발생정보 | D98: History | E98: GC_MES_HIST_DAT | F98: GC_MES_HIST_IDX
A99: =IF(COUNTIFS(테이블_SIP!$B$2:$B$214, 테이블_ISM!B99)=0, "ISM", "ALL") -> ALL | B99: LOTSCRAP | C99: LOT별 스크랩 정보 | D99: Master | E99: GC_MES_STD_DAT | F99: GC_MES_STD_IDX
A100: =IF(COUNTIFS(테이블_SIP!$B$2:$B$214, 테이블_ISM!B100)=0, "ISM", "ALL") -> ALL | B100: LOTSCRAPHISTORY | C100: LOT별 스크랩 정보 | D100: History | E100: GC_MES_HIST_DAT | F100: GC_MES_HIST_IDX
A101: =IF(COUNTIFS(테이블_SIP!$B$2:$B$214, 테이블_ISM!B101)=0, "ISM", "ALL") -> ALL | B101: LOTSITE | D101: Master | E101: GC_MES_MDM_DAT | F101: GC_MES_MDM_IDX
A102: =IF(COUNTIFS(테이블_SIP!$B$2:$B$214, 테이블_ISM!B102)=0, "ISM", "ALL") -> ALL | B102: LOTSITEDATA | D102: Master | E102: GC_MES_MDM_DAT | F102: GC_MES_MDM_IDX
...

Sheet 테이블_SIP
A1: 테이블 존재 | B1: TABLE_NAME | C1: COMMENTS | D1: CURHIST | E1: TABLESPACE_TABLE | F1: TABLESPACE_INDEX | G1: PARTITION_BY
A2: =IF(COUNTIFS(테이블_ISM!$B$2:$B$260, 테이블_SIP!B2)=0, "SIP", "ALL") -> SIP | B2: ALARM | D2: Master | E2: SIPMES | F2: USERS
A3: =IF(COUNTIFS(테이블_ISM!$B$2:$B$260, 테이블_SIP!B3)=0, "SIP", "ALL") -> SIP | B3: ALARMACTION | D3: Master | E3: SIPMES | F3: USERS
A4: =IF(COUNTIFS(테이블_ISM!$B$2:$B$260, 테이블_SIP!B4)=0, "SIP", "ALL") -> SIP | B4: ALARMACTIONHISTORY | D4: Master | E4: SIPMES | F4: USERS
A5: =IF(COUNTIFS(테이블_ISM!$B$2:$B$260, 테이블_SIP!B5)=0, "SIP", "ALL") -> SIP | B5: ALARMCODE | D5: Master | E5: USERS | F5: USERS
A6: =IF(COUNTIFS(테이블_ISM!$B$2:$B$260, 테이블_SIP!B6)=0, "SIP", "ALL") -> SIP | B6: ALARMCODEHISTORY | D6: Master | E6: SIPMES
A7: =IF(COUNTIFS(테이블_ISM!$B$2:$B$260, 테이블_SIP!B7)=0, "SIP", "ALL") -> SIP | B7: ALARMGROUP | D7: Master | E7: SIPMES | F7: USERS
A8: =IF(COUNTIFS(테이블_ISM!$B$2:$B$260, 테이블_SIP!B8)=0, "SIP", "ALL") -> SIP | B8: ALARMGROUPHISTORY | D8: Master | E8: SIPMES | F8: USERS
A9: =IF(COUNTIFS(테이블_ISM!$B$2:$B$260, 테이블_SIP!B9)=0, "SIP", "ALL") -> SIP | B9: ALARMHISTORY | D9: Master | E9: SIPMES | F9: USERS
A10: =IF(COUNTIFS(테이블_ISM!$B$2:$B$260, 테이블_SIP!B10)=0, "SIP", "ALL") -> SIP | B10: ALARMSCOPE | D10: Master | E10: SIPMES | F10: USERS
A11: =IF(COUNTIFS(테이블_ISM!$B$2:$B$260, 테이블_SIP!B11)=0, "SIP", "ALL") -> SIP | B11: ALARMSCOPEHISTORY | D11: Master | E11: SIPMES | F11: USERS
A12: =IF(COUNTIFS(테이블_ISM!$B$2:$B$260, 테이블_SIP!B12)=0, "SIP", "ALL") -> ALL | B12: AREA | C12: 생산 영역 기준정보 | D12: Master | E12: GC_MES_MDM_DAT | F12: SIPMES
A13: =IF(COUNTIFS(테이블_ISM!$B$2:$B$260, 테이블_SIP!B13)=0, "SIP", "ALL") -> ALL | B13: AREAHISTORY | C13: 생산 영역 기준정보 이력 | D13: History | E13: GC_MES_HIST_DAT | F13: SIPMES
A14: =IF(COUNTIFS(테이블_ISM!$B$2:$B$260, 테이블_SIP!B14)=0, "SIP", "ALL") -> ALL | B14: ATTRIBUTE | C14: 기준정보 공통UI 그리드항목 모델링 기준정보 | D14: Master | E14: GC_MES_MDM_DAT | F14: SIPMES_251229
A15: =IF(COUNTIFS(테이블_ISM!$B$2:$B$260, 테이블_SIP!B15)=0, "SIP", "ALL") -> ALL | B15: ATTRIBUTEHISTORY | C15: 기준정보 공통UI 그리드항목 모델링 기준정보 | D15: History | E15: GC_MES_HIST_DAT | F15: SIPMES
A16: =IF(COUNTIFS(테이블_ISM!$B$2:$B$260, 테이블_SIP!B16)=0, "SIP", "ALL") -> ALL | B16: AUTHOR | C16: 권한ID 기준정보 | D16: Master | E16: GC_MES_MDM_DAT | F16: SIPMES
A17: =IF(COUNTIFS(테이블_ISM!$B$2:$B$260, 테이블_SIP!B17)=0, "SIP", "ALL") -> ALL | B17: AUTHORHISTORY | C17: 권한그룹ID 기준정보 | D17: History | E17: GC_MES_HIST_DAT | F17: SIPMES
A18: =IF(COUNTIFS(테이블_ISM!$B$2:$B$260, 테이블_SIP!B18)=0, "SIP", "ALL") -> ALL | B18: AUTHORMENU | C18: 권한그룹별 메뉴권한 매핑정보 | D18: Master | E18: GC_MES_MDM_DAT | F18: SIPMES_251229
A19: =IF(COUNTIFS(테이블_ISM!$B$2:$B$260, 테이블_SIP!B19)=0, "SIP", "ALL") -> ALL | B19: AUTHORMENUHISTORY | C19: 권한그룹별 메뉴권한 매핑정보 | D19: History | E19: GC_MES_HIST_DAT | F19: SIPMES
A20: =IF(COUNTIFS(테이블_ISM!$B$2:$B$260, 테이블_SIP!B20)=0, "SIP", "ALL") -> ALL | B20: AUTHREASONCODE | C20: 권한별 사유코드 관리 | D20: Master | E20: GC_MES_MDM_DAT | F20: SIPMES
A21: =IF(COUNTIFS(테이블_ISM!$B$2:$B$260, 테이블_SIP!B21)=0, "SIP", "ALL") -> ALL | B21: AUTHREASONCODEHISTORY | D21: Master | E21: GC_MES_MDM_DAT | F21: SIPMES
A22: =IF(COUNTIFS(테이블_ISM!$B$2:$B$260, 테이블_SIP!B22)=0, "SIP", "ALL") -> ALL | B22: BEHAVIOR | C22: 기준정보 공통UI 그리드항목 모델링 기준정보 | D22: Master | E22: GC_MES_MDM_DAT | F22: SIPMES_251229
A23: =IF(COUNTIFS(테이블_ISM!$B$2:$B$260, 테이블_SIP!B23)=0, "SIP", "ALL") -> ALL | B23: BEHAVIORHISTORY | C23: 기준정보 공통UI 그리드항목 모델링 기준정보 | D23: History | E23: GC_MES_HIST_DAT | F23: SIPMES
A24: =IF(COUNTIFS(테이블_ISM!$B$2:$B$260, 테이블_SIP!B24)=0, "SIP", "ALL") -> ALL | B24: CARRIER | C24: 캐리어 ID 정보 | D24: Master | E24: GC_MES_STD_DAT | F24: SIPMES
A25: =IF(COUNTIFS(테이블_ISM!$B$2:$B$260, 테이블_SIP!B25)=0, "SIP", "ALL") -> ALL | B25: CARRIERDEF | C25: 캐리어 기준정보 | D25: Master | E25: GC_MES_MDM_DAT | F25: SIPMES
A26: =IF(COUNTIFS(테이블_ISM!$B$2:$B$260, 테이블_SIP!B26)=0, "SIP", "ALL") -> ALL | B26: CARRIERDEFHISTORY | C26: 캐리어 기준정보 이력 | D26: History | E26: GC_MES_HIST_DAT | F26: SIPMES
A27: =IF(COUNTIFS(테이블_ISM!$B$2:$B$260, 테이블_SIP!B27)=0, "SIP", "ALL") -> ALL | B27: CARRIERHISTORY | C27: 캐리어 기준정보 이력 | D27: History | E27: GC_MES_HIST_DAT | F27: SIPMES
A28: =IF(COUNTIFS(테이블_ISM!$B$2:$B$260, 테이블_SIP!B28)=0, "SIP", "ALL") -> SIP | B28: CHECKINLINE | C28: ^Available^STND^RT^RESOURCE^Current^^Off^ACM | D28: Master | E28: GC_MES_MDM_DAT | F28: GC_MES_MDM_DAT
A29: =IF(COUNTIFS(테이블_ISM!$B$2:$B$260, 테이블_SIP!B29)=0, "SIP", "ALL") -> SIP | B29: CHECKINLINEHISTORY | D29: Master | E29: GC_MES_MDM_DAT | F29: GC_MES_MDM_DAT
A30: =IF(COUNTIFS(테이블_ISM!$B$2:$B$260, 테이블_SIP!B30)=0, "SIP", "ALL") -> SIP | B30: CLIENT | D30: Master | E30: USERS | F30: USERS
A31: =IF(COUNTIFS(테이블_ISM!$B$2:$B$260, 테이블_SIP!B31)=0, "SIP", "ALL") -> SIP | B31: CLIENTHISTORY | D31: Master | E31: USERS | F31: USERS
A32: =IF(COUNTIFS(테이블_ISM!$B$2:$B$260, 테이블_SIP!B32)=0, "SIP", "ALL") -> SIP | B32: CLIENT_LOG | C32: 클라이언트 로그 저장 테이블 | D32: Master | E32: SIPMES_251229 | F32: SIPMES_251229
A33: =IF(COUNTIFS(테이블_ISM!$B$2:$B$260, 테이블_SIP!B33)=0, "SIP", "ALL") -> ALL | B33: COLUMNDEF | D33: Master | E33: GC_MES_MDM_DAT
A34: =IF(COUNTIFS(테이블_ISM!$B$2:$B$260, 테이블_SIP!B34)=0, "SIP", "ALL") -> ALL | B34: CONSUMABLELOT | D34: Master | E34: GC_MES_STD_DAT | F34: SIPMES
A35: =IF(COUNTIFS(테이블_ISM!$B$2:$B$260, 테이블_SIP!B35)=0, "SIP", "ALL") -> ALL | B35: CONSUMABLELOTHISTORY | D35: History | E35: GC_MES_HIST_DAT | F35: SIPMES
A36: =IF(COUNTIFS(테이블_ISM!$B$2:$B$260, 테이블_SIP!B36)=0, "SIP", "ALL") -> SIP | B36: DEFECTSUMMARY | D36: Master | E36: USERS | F36: USERS
A37: =IF(COUNTIFS(테이블_ISM!$B$2:$B$260, 테이블_SIP!B37)=0, "SIP", "ALL") -> SIP | B37: DEFECTSUMMARYHISTORY | D37: Master | E37: USERS | F37: USERS
A38: =IF(COUNTIFS(테이블_ISM!$B$2:$B$260, 테이블_SIP!B38)=0, "SIP", "ALL") -> SIP | B38: DEFECTYIELDHISTORY | D38: Master | E38: USERS | F38: USERS
A39: =IF(COUNTIFS(테이블_ISM!$B$2:$B$260, 테이블_SIP!B39)=0, "SIP", "ALL") -> ALL | B39: DURABLELOT | C39: Durable자재 LOT 정보 | D39: Master | E39: GC_MES_STD_DAT | F39: SIPMES
A40: =IF(COUNTIFS(테이블_ISM!$B$2:$B$260, 테이블_SIP!B40)=0, "SIP", "ALL") -> ALL | B40: DURABLELOTHISTORY | C40: Durable자재LOT 정보 이력 | D40: History | E40: GC_MES_HIST_DAT
A41: =IF(COUNTIFS(테이블_ISM!$B$2:$B$260, 테이블_SIP!B41)=0, "SIP", "ALL") -> SIP | B41: DURABLEQC | C41: ^Available^STND^RT^MATERIAL^Current^^Off^ACM | D41: Master | E41: SIPMES | F41: SIPMES
A42: =IF(COUNTIFS(테이블_ISM!$B$2:$B$260, 테이블_SIP!B42)=0, "SIP", "ALL") -> SIP | B42: DURABLEQCHISTORY | C42: ^Available^STND^RT^MATERIAL^Current^^Off^ACM | D42: Master | E42: SIPMES | F42: SIPMES
A43: =IF(COUNTIFS(테이블_ISM!$B$2:$B$260, 테이블_SIP!B43)=0, "SIP", "ALL") -> ALL | B43: ENUM | C43: 기타코드 정의 | D43: Master | E43: GC_MES_MDM_DAT | F43: SIPMES
A44: =IF(COUNTIFS(테이블_ISM!$B$2:$B$260, 테이블_SIP!B44)=0, "SIP", "ALL") -> ALL | B44: ENUMHISTORY | C44: 기타코드 정의 | D44: History | E44: GC_MES_HIST_DAT | F44: SIPMES
A45: =IF(COUNTIFS(테이블_ISM!$B$2:$B$260, 테이블_SIP!B45)=0, "SIP", "ALL") -> ALL | B45: ENUMVALUE | C45: 기타코드의 Enum 코드정의 기준정보 | D45: Master | E45: GC_MES_MDM_DAT | F45: SIPMES
A46: =IF(COUNTIFS(테이블_ISM!$B$2:$B$260, 테이블_SIP!B46)=0, "SIP", "ALL") -> ALL | B46: ENUMVALUEHISTORY | C46: 기타코드의 Enum 코드정의 기준정보 | D46: History | E46: GC_MES_HIST_DAT | F46: SIPMES
A47: =IF(COUNTIFS(테이블_ISM!$B$2:$B$260, 테이블_SIP!B47)=0, "SIP", "ALL") -> SIP | B47: EQPSHIFTFILEDATA | C47: ^Available^STND^RT^ETC^Current^^Off^PARTRON_CAMERA | D47: Master | E47: SIPMES | F47: SIPMES
A48: =IF(COUNTIFS(테이블_ISM!$B$2:$B$260, 테이블_SIP!B48)=0, "SIP", "ALL") -> SIP | B48: EQPSHIFTMEASUREDATA | C48: EQPSHIFTMEASUREDATA 테이블 | D48: History | E48: GC_MES_HIST_DAT | F48: SIPMES
A49: =IF(COUNTIFS(테이블_ISM!$B$2:$B$260, 테이블_SIP!B49)=0, "SIP", "ALL") -> ALL | B49: EQUIPMENT | C49: 설비 ID 정의 | D49: Master | E49: GC_MES_STD_DAT | F49: SIPMES
A50: =IF(COUNTIFS(테이블_ISM!$B$2:$B$260, 테이블_SIP!B50)=0, "SIP", "ALL") -> ALL | B50: EQUIPMENTDEF | C50: 설비코드 기준정보 | D50: Master | E50: GC_MES_MDM_DAT | F50: SIPMES
A51: =IF(COUNTIFS(테이블_ISM!$B$2:$B$260, 테이블_SIP!B51)=0, "SIP", "ALL") -> ALL | B51: EQUIPMENTDEFHISTORY | C51: 설비ID 기준정보 이력 | D51: History | E51: GC_MES_HIST_DAT
A52: =IF(COUNTIFS(테이블_ISM!$B$2:$B$260, 테이블_SIP!B52)=0, "SIP", "ALL") -> ALL | B52: EQUIPMENTHISTORY | C52: 설비 ID 정의 | D52: History | E52: GC_MES_HIST_DAT | F52: USERS
A53: =IF(COUNTIFS(테이블_ISM!$B$2:$B$260, 테이블_SIP!B53)=0, "SIP", "ALL") -> SIP | B53: EQUIPMENTIMAGE | D53: Master | E53: SIPMES_251229 | F53: SIPMES_251229
A54: =IF(COUNTIFS(테이블_ISM!$B$2:$B$260, 테이블_SIP!B54)=0, "SIP", "ALL") -> SIP | B54: EQUIPMENTIMAGEHISTORY | D54: Master | E54: SIPMES_251229 | F54: SIPMES_251229
A55: =IF(COUNTIFS(테이블_ISM!$B$2:$B$260, 테이블_SIP!B55)=0, "SIP", "ALL") -> ALL | B55: EQUIPMENTSTATE | C55: 설비상태 정보 | D55: Master | E55: GC_MES_MDM_DAT | F55: SIPMES
A56: =IF(COUNTIFS(테이블_ISM!$B$2:$B$260, 테이블_SIP!B56)=0, "SIP", "ALL") -> ALL | B56: EQUIPMENTSTATEHISTORY | C56: 설비상태 정보 | D56: History | E56: GC_MES_HIST_DAT | F56: SIPMES
A57: =IF(COUNTIFS(테이블_ISM!$B$2:$B$260, 테이블_SIP!B57)=0, "SIP", "ALL") -> SIP | B57: EQUIPMENTSTATESUMMARY | D57: Master | E57: USERS | F57: USERS
A58: =IF(COUNTIFS(테이블_ISM!$B$2:$B$260, 테이블_SIP!B58)=0, "SIP", "ALL") -> SIP | B58: ERRORLOG | D58: Master | E58: SIPMES | F58: USERS
A59: =IF(COUNTIFS(테이블_ISM!$B$2:$B$260, 테이블_SIP!B59)=0, "SIP", "ALL") -> ALL | B59: FACTORY | C59: 공장 기준정보 | D59: Master | E59: GC_MES_MDM_DAT | F59: SIPMES
A60: =IF(COUNTIFS(테이블_ISM!$B$2:$B$260, 테이블_SIP!B60)=0, "SIP", "ALL") -> ALL | B60: FACTORYHISTORY | C60: 공장 기준정보 | D60: History | E60: GC_MES_HIST_DAT | F60: SIPMES
A61: =IF(COUNTIFS(테이블_ISM!$B$2:$B$260, 테이블_SIP!B61)=0, "SIP", "ALL") -> ALL | B61: FACTORYRELATION | C61: 공장간 Relation 기준정보 | D61: Master | E61: GC_MES_MDM_DAT | F61: SIPMES
A62: =IF(COUNTIFS(테이블_ISM!$B$2:$B$260, 테이블_SIP!B62)=0, "SIP", "ALL") -> ALL | B62: FACTORYRELATIONHISTORY | C62: 공장간 Relation 기준정보 | D62: History | E62: GC_MES_HIST_DAT | F62: SIPMES
A63: =IF(COUNTIFS(테이블_ISM!$B$2:$B$260, 테이블_SIP!B63)=0, "SIP", "ALL") -> ALL | B63: FILEIF | D63: Master | E63: GC_MES_MDM_DAT | F63: SIPMES
A64: =IF(COUNTIFS(테이블_ISM!$B$2:$B$260, 테이블_SIP!B64)=0, "SIP", "ALL") -> ALL | B64: FILEIFDEF | C64: 파일 IF 기준정보 | D64: Master | E64: GC_MES_STD_DAT | F64: SIPMES
A65: =IF(COUNTIFS(테이블_ISM!$B$2:$B$260, 테이블_SIP!B65)=0, "SIP", "ALL") -> ALL | B65: FILEIFDEFHISTORY | C65: 파일 IF 기준정보히스토리 | D65: History | E65: GC_MES_HIST_DAT | F65: SIPMES
A66: =IF(COUNTIFS(테이블_ISM!$B$2:$B$260, 테이블_SIP!B66)=0, "SIP", "ALL") -> ALL | B66: FILEMANAGEMENT | C66: 파일관리히스토리 | D66: Master | E66: GC_MES_MDM_DAT | F66: SIPMES
A67: =IF(COUNTIFS(테이블_ISM!$B$2:$B$260, 테이블_SIP!B67)=0, "SIP", "ALL") -> ALL | B67: FILEMANAGEMENTHISTORY | C67: 파일관리히스토리 | D67: History | E67: GC_MES_HIST_DAT | F67: SIPMES
A68: =IF(COUNTIFS(테이블_ISM!$B$2:$B$260, 테이블_SIP!B68)=0, "SIP", "ALL") -> ALL | B68: FMBPOSITION | D68: Master | E68: DXPLUS | F68: DXPLUS
A69: =IF(COUNTIFS(테이블_ISM!$B$2:$B$260, 테이블_SIP!B69)=0, "SIP", "ALL") -> ALL | B69: FMBPOSITIONHISTORY | D69: Master | E69: DXPLUS | F69: DXPLUS
A70: =IF(COUNTIFS(테이블_ISM!$B$2:$B$260, 테이블_SIP!B70)=0, "SIP", "ALL") -> ALL | B70: IDRULE | C70: 자동채번 ID정의 기준정보 | D70: Master | E70: GC_MES_MDM_DAT | F70: SIPMES
A71: =IF(COUNTIFS(테이블_ISM!$B$2:$B$260, 테이블_SIP!B71)=0, "SIP", "ALL") -> ALL | B71: IDRULEHISTORY | C71: 자동채번 ID정의 기준정보 | D71: History | E71: GC_MES_HIST_DAT | F71: SIPMES
A72: =IF(COUNTIFS(테이블_ISM!$B$2:$B$260, 테이블_SIP!B72)=0, "SIP", "ALL") -> ALL | B72: IDRULESEQUENCE | C72: 자동채번 순서번호 기준정보 | D72: Master | E72: GC_MES_MDM_DAT | F72: SIPMES
A73: =IF(COUNTIFS(테이블_ISM!$B$2:$B$260, 테이블_SIP!B73)=0, "SIP", "ALL") -> ALL | B73: INDEXFILEPARSE | C73: 자동채번 ID정의 기준정보 | D73: Master | E73: GC_MES_MDM_DAT | F73: SIPMES
A74: =IF(COUNTIFS(테이블_ISM!$B$2:$B$260, 테이블_SIP!B74)=0, "SIP", "ALL") -> ALL | B74: LABELFORMDEF | C74: 라벨양식정의 기준정보 | D74: Master | E74: GC_MES_MDM_DAT | F74: SIPMES
A75: =IF(COUNTIFS(테이블_ISM!$B$2:$B$260, 테이블_SIP!B75)=0, "SIP", "ALL") -> ALL | B75: LABELFORMDEFHISTORY | C75: 라벨양식정의 기준정보 | D75: History | E75: GC_MES_HIST_DAT | F75: SIPMES
A76: =IF(COUNTIFS(테이블_ISM!$B$2:$B$260, 테이블_SIP!B76)=0, "SIP", "ALL") -> ALL | B76: LABELITEMDEF | C76: 라벨항목 상세정의 기준정보 | D76: Master | E76: GC_MES_MDM_DAT | F76: SIPMES
A77: =IF(COUNTIFS(테이블_ISM!$B$2:$B$260, 테이블_SIP!B77)=0, "SIP", "ALL") -> ALL | B77: LABELITEMDEFHISTORY | C77: 라벨양식의 항목정의 기준정보 이력 | D77: History | E77: GC_MES_HIST_DAT | F77: SIPMES
A78: =IF(COUNTIFS(테이블_ISM!$B$2:$B$260, 테이블_SIP!B78)=0, "SIP", "ALL") -> ALL | B78: LOT | C78: LOT정보 | D78: Master | E78: GC_MES_STD_DAT | F78: SIPMES
A79: =IF(COUNTIFS(테이블_ISM!$B$2:$B$260, 테이블_SIP!B79)=0, "SIP", "ALL") -> ALL | B79: LOTATTRIBUTE | D79: Master | E79: GC_MES_STD_DAT | F79: GC_MES_STD_DAT
A80: =IF(COUNTIFS(테이블_ISM!$B$2:$B$260, 테이블_SIP!B80)=0, "SIP", "ALL") -> ALL | B80: LOTATTRIBUTEHISTORY | D80: Master | E80: GC_MES_STD_DAT | F80: GC_MES_STD_DAT
A81: =IF(COUNTIFS(테이블_ISM!$B$2:$B$260, 테이블_SIP!B81)=0, "SIP", "ALL") -> ALL | B81: LOTCOMMENT | D81: Master | E81: GC_MES_STD_DAT | F81: SIPMES
A82: =IF(COUNTIFS(테이블_ISM!$B$2:$B$260, 테이블_SIP!B82)=0, "SIP", "ALL") -> ALL | B82: LOTCOMMENTHISTORY | C82: LOT별 작업내역 관리정보 이력 | D82: History | E82: GC_MES_HIST_DAT | F82: SIPMES
A83: =IF(COUNTIFS(테이블_ISM!$B$2:$B$260, 테이블_SIP!B83)=0, "SIP", "ALL") -> ALL | B83: LOTDEFECT | D83: Master | E83: GC_MES_STD_DAT | F83: SIPMES
A84: =IF(COUNTIFS(테이블_ISM!$B$2:$B$260, 테이블_SIP!B84)=0, "SIP", "ALL") -> ALL | B84: LOTDEFECTANALYZE | D84: Master | E84: GC_MES_STD_DAT | F84: SIPMES
A85: =IF(COUNTIFS(테이블_ISM!$B$2:$B$260, 테이블_SIP!B85)=0, "SIP", "ALL") -> ALL | B85: LOTDEFECTANALYZEHISTORY | D85: Master | E85: GC_MES_STD_DAT | F85: SIPMES
A86: =IF(COUNTIFS(테이블_ISM!$B$2:$B$260, 테이블_SIP!B86)=0, "SIP", "ALL") -> ALL | B86: LOTDEFECTHISTORY | D86: Master | E86: GC_MES_STD_DAT | F86: SIPMES
A87: =IF(COUNTIFS(테이블_ISM!$B$2:$B$260, 테이블_SIP!B87)=0, "SIP", "ALL") -> ALL | B87: LOTFUTUREACTION | C87: LOT작업 예약 기준정보 | D87: Master | E87: GC_MES_STD_DAT | F87: SIPMES
A88: =IF(COUNTIFS(테이블_ISM!$B$2:$B$260, 테이블_SIP!B88)=0, "SIP", "ALL") -> ALL | B88: LOTFUTUREACTIONHISTORY | C88: LOT작업 예약 기준정보 | D88: History | E88: GC_MES_HIST_DAT | F88: SIPMES
A89: =IF(COUNTIFS(테이블_ISM!$B$2:$B$260, 테이블_SIP!B89)=0, "SIP", "ALL") -> ALL | B89: LOTGENEALOGY | C89: LOT 간 파생 연결정보 | D89: Master | E89: GC_MES_STD_DAT | F89: SIPMES
A90: =IF(COUNTIFS(테이블_ISM!$B$2:$B$260, 테이블_SIP!B90)=0, "SIP", "ALL") -> ALL | B90: LOTGENEALOGYHISTORY | C90: LOT 간 파생 연결정보 이력 | D90: History | E90: GC_MES_HIST_DAT | F90: SIPMES
A91: =IF(COUNTIFS(테이블_ISM!$B$2:$B$260, 테이블_SIP!B91)=0, "SIP", "ALL") -> ALL | B91: LOTHISTORY | D91: Master | E91: USERS | F91: USERS
A92: =IF(COUNTIFS(테이블_ISM!$B$2:$B$260, 테이블_SIP!B92)=0, "SIP", "ALL") -> ALL | B92: LOTHOLD | C92: LOT별 HOLD 정보 | D92: Master | E92: GC_MES_STD_DAT | F92: SIPMES
A93: =IF(COUNTIFS(테이블_ISM!$B$2:$B$260, 테이블_SIP!B93)=0, "SIP", "ALL") -> ALL | B93: LOTHOLDHISTORY | C93: LOT별 HOLD 정보 | D93: History | E93: GC_MES_HIST_DAT | F93: SIPMES
A94: =IF(COUNTIFS(테이블_ISM!$B$2:$B$260, 테이블_SIP!B94)=0, "SIP", "ALL") -> ALL | B94: LOTINSPECTRESULT | C94: QC 검사결과 정보 | D94: Master | E94: GC_MES_STD_DAT | F94: GC_MES_STD_DAT
A95: =IF(COUNTIFS(테이블_ISM!$B$2:$B$260, 테이블_SIP!B95)=0, "SIP", "ALL") -> ALL | B95: LOTINSPECTRESULTHISTORY | C95: QC 검사결과 정보 | D95: History | E95: GC_MES_HIST_DAT | F95: SIPMES
A96: =IF(COUNTIFS(테이블_ISM!$B$2:$B$260, 테이블_SIP!B96)=0, "SIP", "ALL") -> ALL | B96: LOTMEASUREDATA | D96: Master | E96: GC_MES_STD_DAT | F96: USERS
A97: =IF(COUNTIFS(테이블_ISM!$B$2:$B$260, 테이블_SIP!B97)=0, "SIP", "ALL") -> ALL | B97: LOTQUEUETIME | C97: LOT별 Qtime 발생정보 | D97: Master | E97: GC_MES_STD_DAT | F97: SIPMES
A98: =IF(COUNTIFS(테이블_ISM!$B$2:$B$260, 테이블_SIP!B98)=0, "SIP", "ALL") -> ALL | B98: LOTQUEUETIMEHISTORY | C98: LOT별 Qtime 발생정보 | D98: History | E98: GC_MES_HIST_DAT | F98: SIPMES
A99: =IF(COUNTIFS(테이블_ISM!$B$2:$B$260, 테이블_SIP!B99)=0, "SIP", "ALL") -> ALL | B99: LOTSCRAP | C99: LOT별 스크랩 정보 | D99: Master | E99: GC_MES_STD_DAT | F99: SIPMES
A100: =IF(COUNTIFS(테이블_ISM!$B$2:$B$260, 테이블_SIP!B100)=0, "SIP", "ALL") -> ALL | B100: LOTSCRAPHISTORY | C100: LOT별 스크랩 정보 | D100: History | E100: GC_MES_HIST_DAT | F100: SIPMES
...

Sheet 컬럼_ISM
A1: 테이블 존재 | B1: 컬럼 존재 | C1: TAB+COL | D1: TAB_NAME | E1: COL_NAME | F1: COL_ID | G1: TYPE | H1: LENGTH | I1: NULLABLE | J1: PK | K1: COMMENTS
A2: =IF(COUNTIFS(컬럼_SIP!$D$2:$D$4718, 컬럼_ISM!D2)=0, "ISM", "ALL") -> ALL | B2: =IF(COUNTIFS(컬럼_SIP!$C$2:$C$4718, 컬럼_ISM!C2)=0, "ISM", "ALL") -> ALL | C2: =D2&"+"&E2 -> AREA+AREAID | D2: AREA | E2: AREAID | F2: 1 | G2: VARCHAR2 | H2: 40 | I2: N | J2: PK | K2: 영역 Id :
A3: =IF(COUNTIFS(컬럼_SIP!$D$2:$D$4718, 컬럼_ISM!D3)=0, "ISM", "ALL") -> ALL | B3: =IF(COUNTIFS(컬럼_SIP!$C$2:$C$4718, 컬럼_ISM!C3)=0, "ISM", "ALL") -> ALL | C3: =D3&"+"&E3 -> AREA+DESCRIPTION | D3: AREA | E3: DESCRIPTION | F3: 2 | G3: VARCHAR2 | H3: 400 | I3: Y | K3: 설명 :
A4: =IF(COUNTIFS(컬럼_SIP!$D$2:$D$4718, 컬럼_ISM!D4)=0, "ISM", "ALL") -> ALL | B4: =IF(COUNTIFS(컬럼_SIP!$C$2:$C$4718, 컬럼_ISM!C4)=0, "ISM", "ALL") -> ALL | C4: =D4&"+"&E4 -> AREA+AREATYPE | D4: AREA | E4: AREATYPE | F4: 3 | G4: VARCHAR2 | H4: 40 | I4: Y | K4: 영역 종류 :Production/Storage
A5: =IF(COUNTIFS(컬럼_SIP!$D$2:$D$4718, 컬럼_ISM!D5)=0, "ISM", "ALL") -> ALL | B5: =IF(COUNTIFS(컬럼_SIP!$C$2:$C$4718, 컬럼_ISM!C5)=0, "ISM", "ALL") -> ALL | C5: =D5&"+"&E5 -> AREA+FACTORYID | D5: AREA | E5: FACTORYID | F5: 4 | G5: VARCHAR2 | H5: 40 | I5: Y | K5: 공장 명 :
A6: =IF(COUNTIFS(컬럼_SIP!$D$2:$D$4718, 컬럼_ISM!D6)=0, "ISM", "ALL") -> ALL | B6: =IF(COUNTIFS(컬럼_SIP!$C$2:$C$4718, 컬럼_ISM!C6)=0, "ISM", "ALL") -> ALL | C6: =D6&"+"&E6 -> AREA+ROOTAREAID | D6: AREA | E6: ROOTAREAID | F6: 5 | G6: VARCHAR2 | H6: 40 | I6: Y | K6: Root AreaId :
A7: =IF(COUNTIFS(컬럼_SIP!$D$2:$D$4718, 컬럼_ISM!D7)=0, "ISM", "ALL") -> ALL | B7: =IF(COUNTIFS(컬럼_SIP!$C$2:$C$4718, 컬럼_ISM!C7)=0, "ISM", "ALL") -> ALL | C7: =D7&"+"&E7 -> AREA+PARENTAREAID | D7: AREA | E7: PARENTAREAID | F7: 6 | G7: VARCHAR2 | H7: 40 | I7: Y | K7: 상위 AreaId :
A8: =IF(COUNTIFS(컬럼_SIP!$D$2:$D$4718, 컬럼_ISM!D8)=0, "ISM", "ALL") -> ALL | B8: =IF(COUNTIFS(컬럼_SIP!$C$2:$C$4718, 컬럼_ISM!C8)=0, "ISM", "ALL") -> ALL | C8: =D8&"+"&E8 -> AREA+DETAILAREATYPE | D8: AREA | E8: DETAILAREATYPE | F8: 7 | G8: VARCHAR2 | H8: 40 | I8: Y | K8: Area 레벨 Type :Area/SubArea/Bay
A9: =IF(COUNTIFS(컬럼_SIP!$D$2:$D$4718, 컬럼_ISM!D9)=0, "ISM", "ALL") -> ALL | B9: =IF(COUNTIFS(컬럼_SIP!$C$2:$C$4718, 컬럼_ISM!C9)=0, "ISM", "ALL") -> ALL | C9: =D9&"+"&E9 -> AREA+CHECKOUTSTATE | D9: AREA | E9: CHECKOUTSTATE | F9: 8 | G9: VARCHAR2 | H9: 40 | I9: Y | K9: User별 데이터 편집상태 :
A10: =IF(COUNTIFS(컬럼_SIP!$D$2:$D$4718, 컬럼_ISM!D10)=0, "ISM", "ALL") -> ALL | B10: =IF(COUNTIFS(컬럼_SIP!$C$2:$C$4718, 컬럼_ISM!C10)=0, "ISM", "ALL") -> ALL | C10: =D10&"+"&E10 -> AREA+CHECKOUTTIME | D10: AREA | E10: CHECKOUTTIME | F10: 9 | G10: DATE | H10: 7 | I10: Y | K10: 데이터 편집위해 CheckOut시간 :
A11: =IF(COUNTIFS(컬럼_SIP!$D$2:$D$4718, 컬럼_ISM!D11)=0, "ISM", "ALL") -> ALL | B11: =IF(COUNTIFS(컬럼_SIP!$C$2:$C$4718, 컬럼_ISM!C11)=0, "ISM", "ALL") -> ALL | C11: =D11&"+"&E11 -> AREA+CHECKOUTUSER | D11: AREA | E11: CHECKOUTUSER | F11: 10 | G11: VARCHAR2 | H11: 40 | I11: Y | K11: CheckOut UserId :
A12: =IF(COUNTIFS(컬럼_SIP!$D$2:$D$4718, 컬럼_ISM!D12)=0, "ISM", "ALL") -> ALL | B12: =IF(COUNTIFS(컬럼_SIP!$C$2:$C$4718, 컬럼_ISM!C12)=0, "ISM", "ALL") -> ALL | C12: =D12&"+"&E12 -> AREA+DATASTATE | D12: AREA | E12: DATASTATE | F12: 11 | G12: VARCHAR2 | H12: 10 | I12: Y | K12: 변경 상태 :
A13: =IF(COUNTIFS(컬럼_SIP!$D$2:$D$4718, 컬럼_ISM!D13)=0, "ISM", "ALL") -> ALL | B13: =IF(COUNTIFS(컬럼_SIP!$C$2:$C$4718, 컬럼_ISM!C13)=0, "ISM", "ALL") -> ALL | C13: =D13&"+"&E13 -> AREA+EVENT | D13: AREA | E13: EVENT | F13: 12 | G13: VARCHAR2 | H13: 40 | I13: Y | K13: 이벤트 :
A14: =IF(COUNTIFS(컬럼_SIP!$D$2:$D$4718, 컬럼_ISM!D14)=0, "ISM", "ALL") -> ALL | B14: =IF(COUNTIFS(컬럼_SIP!$C$2:$C$4718, 컬럼_ISM!C14)=0, "ISM", "ALL") -> ALL | C14: =D14&"+"&E14 -> AREA+TIMEKEY | D14: AREA | E14: TIMEKEY | F14: 13 | G14: VARCHAR2 | H14: 40 | I14: Y | K14: 타임 키 :
... A19: =IF(COUNTIFS(컬럼_SIP!$D$2:$D$4718, 컬럼_ISM!D19)=0, "ISM", "ALL") -> ALL | B19: =IF(COUNTIFS(컬럼_SIP!$C$2:$C$4718, 컬럼_ISM!C19)=0, "ISM", "ALL") -> ALL | C19: =D19&"+"&E19 -> AREA+LINEID | D19: AREA | E19: LINEID | F19: 18 | G19: VARCHAR2 | H19: 40 | I19: Y | K19: LINE 정보 (BUMP, EDS)
A20: =IF(COUNTIFS(컬럼_SIP!$D$2:$D$4718, 컬럼_ISM!D20)=0, "ISM", "ALL") -> ALL | B20: =IF(COUNTIFS(컬럼_SIP!$C$2:$C$4718, 컬럼_ISM!C20)=0, "ISM", "ALL") -> ALL | C20: =D20&"+"&E20 -> AREAHISTORY+AREAID | D20: AREAHISTORY | E20: AREAID | F20: 1 | G20: VARCHAR2 | H20: 40 | I20: N | J20: PK | K20: 영역 Id :
A21: =IF(COUNTIFS(컬럼_SIP!$D$2:$D$4718, 컬럼_ISM!D21)=0, "ISM", "ALL") -> ALL | B21: =IF(COUNTIFS(컬럼_SIP!$C$2:$C$4718, 컬럼_ISM!C21)=0, "ISM", "ALL") -> ALL | C21: =D21&"+"&E21 -> AREAHISTORY+DESCRIPTION | D21: AREAHISTORY | E21: DESCRIPTION | F21: 2 | G21: VARCHAR2 | H21: 400 | I21: Y | K21: 설명 :
A22: =IF(COUNTIFS(컬럼_SIP!$D$2:$D$4718, 컬럼_ISM!D22)=0, "ISM", "ALL") -> ALL | B22: =IF(COUNTIFS(컬럼_SIP!$C$2:$C$4718, 컬럼_ISM!C22)=0, "ISM", "ALL") -> ALL | C22: =D22&"+"&E22 -> AREAHISTORY+AREATYPE | D22: AREAHISTORY | E22: AREATYPE | F22: 3 | G22: VARCHAR2 | H22: 40 | I22: Y | K22: 영역 종류 :Production/Storage
A23: =IF(COUNTIFS(컬럼_SIP!$D$2:$D$4718, 컬럼_ISM!D23)=0, "ISM", "ALL") -> ALL | B23: =IF(COUNTIFS(컬럼_SIP!$C$2:$C$4718, 컬럼_ISM!C23)=0, "ISM", "ALL") -> ALL | C23: =D23&"+"&E23 -> AREAHISTORY+FACTORYID | D23: AREAHISTORY | E23: FACTORYID | F23: 4 | G23: VARCHAR2 | H23: 40 | I23: Y | K23: 공장 명 :
A24: =IF(COUNTIFS(컬럼_SIP!$D$2:$D$4718, 컬럼_ISM!D24)=0, "ISM", "ALL") -> ALL | B24: =IF(COUNTIFS(컬럼_SIP!$C$2:$C$4718, 컬럼_ISM!C24)=0, "ISM", "ALL") -> ALL | C24: =D24&"+"&E24 -> AREAHISTORY+ROOTAREAID | D24: AREAHISTORY | E24: ROOTAREAID | F24: 5 | G24: VARCHAR2 | H24: 40 | I24: Y | K24: Root AreaId :
A25: =IF(COUNTIFS(컬럼_SIP!$D$2:$D$4718, 컬럼_ISM!D25)=0, "ISM", "ALL") -> ALL | B25: =IF(COUNTIFS(컬럼_SIP!$C$2:$C$4718, 컬럼_ISM!C25)=0, "ISM", "ALL") -> ALL | C25: =D25&"+"&E25 -> AREAHISTORY+PARENTAREAID | D25: AREAHISTORY | E25: PARENTAREAID | F25: 6 | G25: VARCHAR2 | H25: 40 | I25: Y | K25: 상위 AreaId :
A26: =IF(COUNTIFS(컬럼_SIP!$D$2:$D$4718, 컬럼_ISM!D26)=0, "ISM", "ALL") -> ALL | B26: =IF(COUNTIFS(컬럼_SIP!$C$2:$C$4718, 컬럼_ISM!C26)=0, "ISM", "ALL") -> ALL | C26: =D26&"+"&E26 -> AREAHISTORY+DETAILAREATYPE | D26: AREAHISTORY | E26: DETAILAREATYPE | F26: 7 | G26: VARCHAR2 | H26: 40 | I26: Y | K26: Area 레벨 Type :Area/SubArea/Bay
A27: =IF(COUNTIFS(컬럼_SIP!$D$2:$D$4718, 컬럼_ISM!D27)=0, "ISM", "ALL") -> ALL | B27: =IF(COUNTIFS(컬럼_SIP!$C$2:$C$4718, 컬럼_ISM!C27)=0, "ISM", "ALL") -> ALL | C27: =D27&"+"&E27 -> AREAHISTORY+CHECKOUTSTATE | D27: AREAHISTORY | E27: CHECKOUTSTATE | F27: 8 | G27: VARCHAR2 | H27: 40 | I27: Y | K27: User별 데이터 편집상태 :
A28: =IF(COUNTIFS(컬럼_SIP!$D$2:$D$4718, 컬럼_ISM!D28)=0, "ISM", "ALL") -> ALL | B28: =IF(COUNTIFS(컬럼_SIP!$C$2:$C$4718, 컬럼_ISM!C28)=0, "ISM", "ALL") -> ALL | C28: =D28&"+"&E28 -> AREAHISTORY+CHECKOUTTIME | D28: AREAHISTORY | E28: CHECKOUTTIME | F28: 9 | G28: DATE | H28: 7 | I28: Y | K28: 데이터 편집위해 CheckOut시간 :
A29: =IF(COUNTIFS(컬럼_SIP!$D$2:$D$4718, 컬럼_ISM!D29)=0, "ISM", "ALL") -> ALL | B29: =IF(COUNTIFS(컬럼_SIP!$C$2:$C$4718, 컬럼_ISM!C29)=0, "ISM", "ALL") -> ALL | C29: =D29&"+"&E29 -> AREAHISTORY+CHECKOUTUSER | D29: AREAHISTORY | E29: CHECKOUTUSER | F29: 10 | G29: VARCHAR2 | H29: 40 | I29: Y | K29: CheckOut UserId :
A30: =IF(COUNTIFS(컬럼_SIP!$D$2:$D$4718, 컬럼_ISM!D30)=0, "ISM", "ALL") -> ALL | B30: =IF(COUNTIFS(컬럼_SIP!$C$2:$C$4718, 컬럼_ISM!C30)=0, "ISM", "ALL") -> ALL | C30: =D30&"+"&E30 -> AREAHISTORY+DATASTATE | D30: AREAHISTORY | E30: DATASTATE | F30: 11 | G30: VARCHAR2 | H30: 10 | I30: Y | K30: 변경 상태 :
A31: =IF(COUNTIFS(컬럼_SIP!$D$2:$D$4718, 컬럼_ISM!D31)=0, "ISM", "ALL") -> ALL | B31: =IF(COUNTIFS(컬럼_SIP!$C$2:$C$4718, 컬럼_ISM!C31)=0, "ISM", "ALL") -> ALL | C31: =D31&"+"&E31 -> AREAHISTORY+EVENT | D31: AREAHISTORY | E31: EVENT | F31: 12 | G31: VARCHAR2 | H31: 40 | I31: Y | K31: 이벤트 :
A32: =IF(COUNTIFS(컬럼_SIP!$D$2:$D$4718, 컬럼_ISM!D32)=0, "ISM", "ALL") -> ALL | B32: =IF(COUNTIFS(컬럼_SIP!$C$2:$C$4718, 컬럼_ISM!C32)=0, "ISM", "ALL") -> ALL | C32: =D32&"+"&E32 -> AREAHISTORY+TIMEKEY | D32: AREAHISTORY | E32: TIMEKEY | F32: 13 | G32: VARCHAR2 | H32: 40 | I32: N | J32: PK | K32: 타임 키 :
A33: =IF(COUNTIFS(컬럼_SIP!$D$2:$D$4718, 컬럼_ISM!D33)=0, "ISM", "ALL") -> ALL | B33: =IF(COUNTIFS(컬럼_SIP!$C$2:$C$4718, 컬럼_ISM!C33)=0, "ISM", "ALL") -> ALL | C33: =D33&"+"&E33 -> AREAHISTORY+EVENTTIME | D33: AREAHISTORY | E33: EVENTTIME | F33: 14 | G33: DATE | H33: 7 | I33: Y | K33: 시각 :
A34: =IF(COUNTIFS(컬럼_SIP!$D$2:$D$4718, 컬럼_ISM!D34)=0, "ISM", "ALL") -> ALL | B34: =IF(COUNTIFS(컬럼_SIP!$C$2:$C$4718, 컬럼_ISM!C34)=0, "ISM", "ALL") -> ALL | C34: =D34&"+"&E34 -> AREAHISTORY+MESSAGE | D34: AREAHISTORY | E34: MESSAGE | F34: 15 | G34: VARCHAR2 | H34: 40 | I34: Y | K34: 메시지 :
A35: =IF(COUNTIFS(컬럼_SIP!$D$2:$D$4718, 컬럼_ISM!D35)=0, "ISM", "ALL") -> ALL | B35: =IF(COUNTIFS(컬럼_SIP!$C$2:$C$4718, 컬럼_ISM!C35)=0, "ISM", "ALL") -> ALL | C35: =D35&"+"&E35 -> AREAHISTORY+EVENTUSER | D35: AREAHISTORY | E35: EVENTUSER | F35: 16 | G35: VARCHAR2 | H35: 40 | I35: Y | K35: 사용자 :
A36: =IF(COUNTIFS(컬럼_SIP!$D$2:$D$4718, 컬럼_ISM!D36)=0, "ISM", "ALL") -> ALL | B36: =IF(COUNTIFS(컬럼_SIP!$C$2:$C$4718, 컬럼_ISM!C36)=0, "ISM", "ALL") -> ALL | C36: =D36&"+"&E36 -> AREAHISTORY+EVENTCOMMENT | D36: AREAHISTORY | E36: EVENTCOMMENT | F36: 17 | G36: VARCHAR2 | H36: 500 | I36: Y | K36: System 커맨트 :
A37: =IF(COUNTIFS(컬럼_SIP!$D$2:$D$4718, 컬럼_ISM!D37)=0, "ISM", "ALL") -> ALL | B37: =IF(COUNTIFS(컬럼_SIP!$C$2:$C$4718, 컬럼_ISM!C37)=0, "ISM", "ALL") -> ALL | C37: =D37&"+"&E37 -> AREAHISTORY+LINEID | D37: AREAHISTORY | E37: LINEID | F37: 18 | G37: VARCHAR2 | H37: 40 | I37: Y | K37: LINE 정보 (BUMP, EDS)
A38: =IF(COUNTIFS(컬럼_SIP!$D$2:$D$4718, 컬럼_ISM!D38)=0, "ISM", "ALL") -> ALL | B38: =IF(COUNTIFS(컬럼_SIP!$C$2:$C$4718, 컬럼_ISM!C38)=0, "ISM", "ALL") -> ALL | C38: =D38&"+"&E38 -> ATTRIBUTE+BEHAVIORNAME | D38: ATTRIBUTE | E38: BEHAVIORNAME | F38: 1 | G38: VARCHAR2 | H38: 40 | I38: N | J38: PK | K38: ATTRIBUTE 유형
A39: =IF(COUNTIFS(컬럼_SIP!$D$2:$D$4718, 컬럼_ISM!D39)=0, "ISM", "ALL") -> ALL | B39: =IF(COUNTIFS(컬럼_SIP!$C$2:$C$4718, 컬럼_ISM!C39)=0, "ISM", "ALL") -> ALL | C39: =D39&"+"&E39 -> ATTRIBUTE+ATTRIBUTENAME | D39: ATTRIBUTE | E39: ATTRIBUTENAME | F39: 2 | G39: VARCHAR2 | H39: 40 | I39: N | J39: PK | K39: ATTRIBUTE 이름
A40: =IF(COUNTIFS(컬럼_SIP!$D$2:$D$4718, 컬럼_ISM!D40)=0, "ISM", "ALL") -> ALL | B40: =IF(COUNTIFS(컬럼_SIP!$C$2:$C$4718, 컬럼_ISM!C40)=0, "ISM", "ALL") -> ALL | C40: =D40&"+"&E40 -> ATTRIBUTE+POSITION | D40: ATTRIBUTE | E40: POSITION | F40: 3 | G40: NUMBER | H40: 22 | I40: Y | K40: 순서
A41: =IF(COUNTIFS(컬럼_SIP!$D$2:$D$4718, 컬럼_ISM!D41)=0, "ISM", "ALL") -> ALL | B41: =IF(COUNTIFS(컬럼_SIP!$C$2:$C$4718, 컬럼_ISM!C41)=0, "ISM", "ALL") -> ALL | C41: =D41&"+"&E41 -> ATTRIBUTE+DESCRIPTION | D41: ATTRIBUTE | E41: DESCRIPTION | F41: 4 | G41: VARCHAR2 | H41: 400 | I41: Y | K41: 설명
A42: =IF(COUNTIFS(컬럼_SIP!$D$2:$D$4718, 컬럼_ISM!D42)=0, "ISM", "ALL") -> ALL | B42: =IF(COUNTIFS(컬럼_SIP!$C$2:$C$4718, 컬럼_ISM!C42)=0, "ISM", "ALL") -> ALL | C42: =D42&"+"&E42 -> ATTRIBUTE+KEYFLAG | D42: ATTRIBUTE | E42: KEYFLAG | F42: 5 | G42: VARCHAR2 | H42: 1 | I42: Y | K42: 키 값 여부
A43: =IF(COUNTIFS(컬럼_SIP!$D$2:$D$4718, 컬럼_ISM!D43)=0, "ISM", "ALL") -> ALL | B43: =IF(COUNTIFS(컬럼_SIP!$C$2:$C$4718, 컬럼_ISM!C43)=0, "ISM", "ALL") -> ALL | C43: =D43&"+"&E43 -> ATTRIBUTE+DATATYPE | D43: ATTRIBUTE | E43: DATATYPE | F43: 6 | G43: VARCHAR2 | H43: 40 | I43: Y | K43: 데이터 유형
A44: =IF(COUNTIFS(컬럼_SIP!$D$2:$D$4718, 컬럼_ISM!D44)=0, "ISM", "ALL") -> ALL | B44: =IF(COUNTIFS(컬럼_SIP!$C$2:$C$4718, 컬럼_ISM!C44)=0, "ISM", "ALL") -> ALL | C44: =D44&"+"&E44 -> ATTRIBUTE+DEFAULTVALUE | D44: ATTRIBUTE | E44: DEFAULTVALUE | F44: 7 | G44: VARCHAR2 | H44: 400 | I44: Y | K44: 기본 값
A45: =IF(COUNTIFS(컬럼_SIP!$D$2:$D$4718, 컬럼_ISM!D45)=0, "ISM", "ALL") -> ALL | B45: =IF(COUNTIFS(컬럼_SIP!$C$2:$C$4718, 컬럼_ISM!C45)=0, "ISM", "ALL") -> ALL | C45: =D45&"+"&E45 -> ATTRIBUTE+REFERENCETYPE | D45: ATTRIBUTE | E45: REFERENCETYPE | F45: 8 | G45: VARCHAR2 | H45: 40 | I45: Y | K45: 참조 유형
A46: =IF(COUNTIFS(컬럼_SIP!$D$2:$D$4718, 컬럼_ISM!D46)=0, "ISM", "ALL") -> ALL | B46: =IF(COUNTIFS(컬럼_SIP!$C$2:$C$4718, 컬럼_ISM!C46)=0, "ISM", "ALL") -> ALL | C46: =D46&"+"&E46 -> ATTRIBUTE+IDRULENAME | D46: ATTRIBUTE | E46: IDRULENAME | F46: 9 | G46: VARCHAR2 | H46: 40 | I46: Y | K46: ID 형식
A47: =IF(COUNTIFS(컬럼_SIP!$D$2:$D$4718, 컬럼_ISM!D47)=0, "ISM", "ALL") -> ALL | B47: =IF(COUNTIFS(컬럼_SIP!$C$2:$C$4718, 컬럼_ISM!C47)=0, "ISM", "ALL") -> ALL | C47: =D47&"+"&E47 -> ATTRIBUTE+ENUMNAME | D47: ATTRIBUTE | E47: ENUMNAME | F47: 10 | G47: VARCHAR2 | H47: 40 | I47: Y | K47: Enum 명
A48: =IF(COUNTIFS(컬럼_SIP!$D$2:$D$4718, 컬럼_ISM!D48)=0, "ISM", "ALL") -> ALL | B48: =IF(COUNTIFS(컬럼_SIP!$C$2:$C$4718, 컬럼_ISM!C48)=0, "ISM", "ALL") -> ALL | C48: =D48&"+"&E48 -> ATTRIBUTE+REFBEHAVIORNAME | D48: ATTRIBUTE | E48: REFBEHAVIORNAME | F48: 11 | G48: VARCHAR2 | H48: 40 | I48: Y | K48: 참조 유형 명
A49: =IF(COUNTIFS(컬럼_SIP!$D$2:$D$4718, 컬럼_ISM!D49)=0, "ISM", "ALL") -> ALL | B49: =IF(COUNTIFS(컬럼_SIP!$C$2:$C$4718, 컬럼_ISM!C49)=0, "ISM", "ALL") -> ALL | C49: =D49&"+"&E49 -> ATTRIBUTE+REFATTRIBUTENAME | D49: ATTRIBUTE | E49: REFATTRIBUTENAME | F49: 12 | G49: VARCHAR2 | H49: 40 | I49: Y | K49: 참조 ATTRIBUTE 명
A50: =IF(COUNTIFS(컬럼_SIP!$D$2:$D$4718, 컬럼_ISM!D50)=0, "ISM", "ALL") -> ALL | B50: =IF(COUNTIFS(컬럼_SIP!$C$2:$C$4718, 컬럼_ISM!C50)=0, "ISM", "ALL") -> ALL | C50: =D50&"+"&E50 -> ATTRIBUTE+DEPENDENTATTRIBUTENAME | D50: ATTRIBUTE | E50: DEPENDENTATTRIBUTENAME | F50: 13 | G50: VARCHAR2 | H50: 40 | I50: Y | K50: 의존 명
A51: =IF(COUNTIFS(컬럼_SIP!$D$2:$D$4718, 컬럼_ISM!D51)=0, "ISM", "ALL") -> ALL | B51: =IF(COUNTIFS(컬럼_SIP!$C$2:$C$4718, 컬럼_ISM!C51)=0, "ISM", "ALL") -> ALL | C51: =D51&"+"&E51 -> ATTRIBUTE+PREFILTERFLAG | D51: ATTRIBUTE | E51: PREFILTERFLAG | F51: 14 | G51: VARCHAR2 | H51: 1 | I51: Y | K51: 필터 여부
... A66: =IF(COUNTIFS(컬럼_SIP!$D$2:$D$4718, 컬럼_ISM!D66)=0, "ISM", "ALL") -> ALL | B66: =IF(COUNTIFS(컬럼_SIP!$C$2:$C$4718, 컬럼_ISM!C66)=0, "ISM", "ALL") -> ALL | C66: =D66&"+"&E66 -> ATTRIBUTE+COMBOFLAG | D66: ATTRIBUTE | E66: COMBOFLAG | F66: 29 | G66: VARCHAR2 | H66: 40 | I66: Y | K66: 콤보/텍스트 여부
A67: =IF(COUNTIFS(컬럼_SIP!$D$2:$D$4718, 컬럼_ISM!D67)=0, "ISM", "ALL") -> ALL | B67: =IF(COUNTIFS(컬럼_SIP!$C$2:$C$4718, 컬럼_ISM!C67)=0, "ISM", "ALL") -> ALL | C67: =D67&"+"&E67 -> ATTRIBUTEHISTORY+BEHAVIORNAME | D67: ATTRIBUTEHISTORY | E67: BEHAVIORNAME | F67: 1 | G67: VARCHAR2 | H67: 40 | I67: N | J67: PK | K67: ATTRIBUTE 유형
A68: =IF(COUNTIFS(컬럼_SIP!$D$2:$D$4718, 컬럼_ISM!D68)=0, "ISM", "ALL") -> ALL | B68: =IF(COUNTIFS(컬럼_SIP!$C$2:$C$4718, 컬럼_ISM!C68)=0, "ISM", "ALL") -> ALL | C68: =D68&"+"&E68 -> ATTRIBUTEHISTORY+ATTRIBUTENAME | D68: ATTRIBUTEHISTORY | E68: ATTRIBUTENAME | F68: 2 | G68: VARCHAR2 | H68: 40 | I68: N | J68: PK | K68: ATTRIBUTE 이름
A69: =IF(COUNTIFS(컬럼_SIP!$D$2:$D$4718, 컬럼_ISM!D69)=0, "ISM", "ALL") -> ALL | B69: =IF(COUNTIFS(컬럼_SIP!$C$2:$C$4718, 컬럼_ISM!C69)=0, "ISM", "ALL") -> ALL | C69: =D69&"+"&E69 -> ATTRIBUTEHISTORY+POSITION | D69: ATTRIBUTEHISTORY | E69: POSITION | F69: 3 | G69: NUMBER | H69: 22 | I69: Y | K69: 순서
A70: =IF(COUNTIFS(컬럼_SIP!$D$2:$D$4718, 컬럼_ISM!D70)=0, "ISM", "ALL") -> ALL | B70: =IF(COUNTIFS(컬럼_SIP!$C$2:$C$4718, 컬럼_ISM!C70)=0, "ISM", "ALL") -> ALL | C70: =D70&"+"&E70 -> ATTRIBUTEHISTORY+DESCRIPTION | D70: ATTRIBUTEHISTORY | E70: DESCRIPTION | F70: 4 | G70: VARCHAR2 | H70: 400 | I70: Y | K70: 설명
A71: =IF(COUNTIFS(컬럼_SIP!$D$2:$D$4718, 컬럼_ISM!D71)=0, "ISM", "ALL") -> ALL | B71: =IF(COUNTIFS(컬럼_SIP!$C$2:$C$4718, 컬럼_ISM!C71)=0, "ISM", "ALL") -> ALL | C71: =D71&"+"&E71 -> ATTRIBUTEHISTORY+KEYFLAG | D71: ATTRIBUTEHISTORY | E71: KEYFLAG | F71: 5 | G71: VARCHAR2 | H71: 1 | I71: Y | K71: 키 값 여부
A72: =IF(COUNTIFS(컬럼_SIP!$D$2:$D$4718, 컬럼_ISM!D72)=0, "ISM", "ALL") -> ALL | B72: =IF(COUNTIFS(컬럼_SIP!$C$2:$C$4718, 컬럼_ISM!C72)=0, "ISM", "ALL") -> ALL | C72: =D72&"+"&E72 -> ATTRIBUTEHISTORY+DATATYPE | D72: ATTRIBUTEHISTORY | E72: DATATYPE | F72: 6 | G72: VARCHAR2 | H72: 40 | I72: Y | K72: 데이터 유형
A73: =IF(COUNTIFS(컬럼_SIP!$D$2:$D$4718, 컬럼_ISM!D73)=0, "ISM", "ALL") -> ALL | B73: =IF(COUNTIFS(컬럼_SIP!$C$2:$C$4718, 컬럼_ISM!C73)=0, "ISM", "ALL") -> ALL | C73: =D73&"+"&E73 -> ATTRIBUTEHISTORY+DEFAULTVALUE | D73: ATTRIBUTEHISTORY | E73: DEFAULTVALUE | F73: 7 | G73: VARCHAR2 | H73: 400 | I73: Y | K73: 기본 값
A74: =IF(COUNTIFS(컬럼_SIP!$D$2:$D$4718, 컬럼_ISM!D74)=0, "ISM", "ALL") -> ALL | B74: =IF(COUNTIFS(컬럼_SIP!$C$2:$C$4718, 컬럼_ISM!C74)=0, "ISM", "ALL") -> ALL | C74: =D74&"+"&E74 -> ATTRIBUTEHISTORY+REFERENCETYPE | D74: ATTRIBUTEHISTORY | E74: REFERENCETYPE | F74: 8 | G74: VARCHAR2 | H74: 40 | I74: Y | K74: 참조 유형
A75: =IF(COUNTIFS(컬럼_SIP!$D$2:$D$4718, 컬럼_ISM!D75)=0, "ISM", "ALL") -> ALL | B75: =IF(COUNTIFS(컬럼_SIP!$C$2:$C$4718, 컬럼_ISM!C75)=0, "ISM", "ALL") -> ALL | C75: =D75&"+"&E75 -> ATTRIBUTEHISTORY+IDRULENAME | D75: ATTRIBUTEHISTORY | E75: IDRULENAME | F75: 9 | G75: VARCHAR2 | H75: 40 | I75: Y | K75: ID 형식
A76: =IF(COUNTIFS(컬럼_SIP!$D$2:$D$4718, 컬럼_ISM!D76)=0, "ISM", "ALL") -> ALL | B76: =IF(COUNTIFS(컬럼_SIP!$C$2:$C$4718, 컬럼_ISM!C76)=0, "ISM", "ALL") -> ALL | C76: =D76&"+"&E76 -> ATTRIBUTEHISTORY+ENUMNAME | D76: ATTRIBUTEHISTORY | E76: ENUMNAME | F76: 10 | G76: VARCHAR2 | H76: 40 | I76: Y | K76: Enum 명
A77: =IF(COUNTIFS(컬럼_SIP!$D$2:$D$4718, 컬럼_ISM!D77)=0, "ISM", "ALL") -> ALL | B77: =IF(COUNTIFS(컬럼_SIP!$C$2:$C$4718, 컬럼_ISM!C77)=0, "ISM", "ALL") -> ALL | C77: =D77&"+"&E77 -> ATTRIBUTEHISTORY+REFBEHAVIORNAME | D77: ATTRIBUTEHISTORY | E77: REFBEHAVIORNAME | F77: 11 | G77: VARCHAR2 | H77: 40 | I77: Y | K77: 참조 유형 명
A78: =IF(COUNTIFS(컬럼_SIP!$D$2:$D$4718, 컬럼_ISM!D78)=0, "ISM", "ALL") -> ALL | B78: =IF(COUNTIFS(컬럼_SIP!$C$2:$C$4718, 컬럼_ISM!C78)=0, "ISM", "ALL") -> ALL | C78: =D78&"+"&E78 -> ATTRIBUTEHISTORY+REFATTRIBUTENAME | D78: ATTRIBUTEHISTORY | E78: REFATTRIBUTENAME | F78: 12 | G78: VARCHAR2 | H78: 40 | I78: Y | K78: 참조 ATTRIBUTE 명
A79: =IF(COUNTIFS(컬럼_SIP!$D$2:$D$4718, 컬럼_ISM!D79)=0, "ISM", "ALL") -> ALL | B79: =IF(COUNTIFS(컬럼_SIP!$C$2:$C$4718, 컬럼_ISM!C79)=0, "ISM", "ALL") -> ALL | C79: =D79&"+"&E79 -> ATTRIBUTEHISTORY+DEPENDENTATTRIBUTENAME | D79: ATTRIBUTEHISTORY | E79: DEPENDENTATTRIBUTENAME | F79: 13 | G79: VARCHAR2 | H79: 40 | I79: Y | K79: 의존 명
A80: =IF(COUNTIFS(컬럼_SIP!$D$2:$D$4718, 컬럼_ISM!D80)=0, "ISM", "ALL") -> ALL | B80: =IF(COUNTIFS(컬럼_SIP!$C$2:$C$4718, 컬럼_ISM!C80)=0, "ISM", "ALL") -> ALL | C80: =D80&"+"&E80 -> ATTRIBUTEHISTORY+PREFILTERFLAG | D80: ATTRIBUTEHISTORY | E80: PREFILTERFLAG | F80: 14 | G80: VARCHAR2 | H80: 1 | I80: Y | K80: 필터 여부
... A89: =IF(COUNTIFS(컬럼_SIP!$D$2:$D$4718, 컬럼_ISM!D89)=0, "ISM", "ALL") -> ALL | B89: =IF(COUNTIFS(컬럼_SIP!$C$2:$C$4718, 컬럼_ISM!C89)=0, "ISM", "ALL") -> ALL | C89: =D89&"+"&E89 -> ATTRIBUTEHISTORY+EVENT | D89: ATTRIBUTEHISTORY | E89: EVENT | F89: 23 | G89: VARCHAR2 | H89: 40 | I89: Y | K89: 이벤트
A90: =IF(COUNTIFS(컬럼_SIP!$D$2:$D$4718, 컬럼_ISM!D90)=0, "ISM", "ALL") -> ALL | B90: =IF(COUNTIFS(컬럼_SIP!$C$2:$C$4718, 컬럼_ISM!C90)=0, "ISM", "ALL") -> ALL | C90: =D90&"+"&E90 -> ATTRIBUTEHISTORY+TIMEKEY | D90: ATTRIBUTEHISTORY | E90: TIMEKEY | F90: 24 | G90: VARCHAR2 | H90: 40 | I90: N | J90: PK | K90: 타임키
A91: =IF(COUNTIFS(컬럼_SIP!$D$2:$D$4718, 컬럼_ISM!D91)=0, "ISM", "ALL") -> ALL | B91: =IF(COUNTIFS(컬럼_SIP!$C$2:$C$4718, 컬럼_ISM!C91)=0, "ISM", "ALL") -> ALL | C91: =D91&"+"&E91 -> ATTRIBUTEHISTORY+EVENTTIME | D91: ATTRIBUTEHISTORY | E91: EVENTTIME | F91: 25 | G91: DATE | H91: 7 | I91: Y | K91: 이벤트 시간
A92: =IF(COUNTIFS(컬럼_SIP!$D$2:$D$4718, 컬럼_ISM!D92)=0, "ISM", "ALL") -> ALL | B92: =IF(COUNTIFS(컬럼_SIP!$C$2:$C$4718, 컬럼_ISM!C92)=0, "ISM", "ALL") -> ALL | C92: =D92&"+"&E92 -> ATTRIBUTEHISTORY+MESSAGE | D92: ATTRIBUTEHISTORY | E92: MESSAGE | F92: 26 | G92: VARCHAR2 | H92: 40 | I92: Y | K92: 메시지
A93: =IF(COUNTIFS(컬럼_SIP!$D$2:$D$4718, 컬럼_ISM!D93)=0, "ISM", "ALL") -> ALL | B93: =IF(COUNTIFS(컬럼_SIP!$C$2:$C$4718, 컬럼_ISM!C93)=0, "ISM", "ALL") -> ALL | C93: =D93&"+"&E93 -> ATTRIBUTEHISTORY+EVENTUSER | D93: ATTRIBUTEHISTORY | E93: EVENTUSER | F93: 27 | G93: VARCHAR2 | H93: 40 | I93: Y | K93: 이벤트 사용자
A94: =IF(COUNTIFS(컬럼_SIP!$D$2:$D$4718, 컬럼_ISM!D94)=0, "ISM", "ALL") -> ALL | B94: =IF(COUNTIFS(컬럼_SIP!$C$2:$C$4718, 컬럼_ISM!C94)=0, "ISM", "ALL") -> ALL | C94: =D94&"+"&E94 -> ATTRIBUTEHISTORY+EVENTCOMMENT | D94: ATTRIBUTEHISTORY | E94: EVENTCOMMENT | F94: 28 | G94: VARCHAR2 | H94: 500 | I94: Y | K94: 이벤트 추가 설명
A95: =IF(COUNTIFS(컬럼_SIP!$D$2:$D$4718, 컬럼_ISM!D95)=0, "ISM", "ALL") -> ALL | B95: =IF(COUNTIFS(컬럼_SIP!$C$2:$C$4718, 컬럼_ISM!C95)=0, "ISM", "ALL") -> ALL | C95: =D95&"+"&E95 -> ATTRIBUTEHISTORY+COMBOFLAG | D95: ATTRIBUTEHISTORY | E95: COMBOFLAG | F95: 29 | G95: VARCHAR2 | H95: 40 | I95: Y | K95: 콤보/텍스트 여부
A96: =IF(COUNTIFS(컬럼_SIP!$D$2:$D$4718, 컬럼_ISM!D96)=0, "ISM", "ALL") -> ALL | B96: =IF(COUNTIFS(컬럼_SIP!$C$2:$C$4718, 컬럼_ISM!C96)=0, "ISM", "ALL") -> ALL | C96: =D96&"+"&E96 -> AUTHOR+AUTHORID | D96: AUTHOR | E96: AUTHORID | F96: 1 | G96: VARCHAR2 | H96: 40 | I96: N | J96: PK | K96: 권한 ID :
A97: =IF(COUNTIFS(컬럼_SIP!$D$2:$D$4718, 컬럼_ISM!D97)=0, "ISM", "ALL") -> ALL | B97: =IF(COUNTIFS(컬럼_SIP!$C$2:$C$4718, 컬럼_ISM!C97)=0, "ISM", "ALL") -> ALL | C97: =D97&"+"&E97 -> AUTHOR+AUTHORNAME | D97: AUTHOR | E97: AUTHORNAME | F97: 2 | G97: VARCHAR2 | H97: 40 | I97: Y | K97: 권한 명 :
A98: =IF(COUNTIFS(컬럼_SIP!$D$2:$D$4718, 컬럼_ISM!D98)=0, "ISM", "ALL") -> ALL | B98: =IF(COUNTIFS(컬럼_SIP!$C$2:$C$4718, 컬럼_ISM!C98)=0, "ISM", "ALL") -> ALL | C98: =D98&"+"&E98 -> AUTHOR+DESCRIPTION | D98: AUTHOR | E98: DESCRIPTION | F98: 3 | G98: VARCHAR2 | H98: 400 | I98: Y | K98: 권한 설명 :
A99: =IF(COUNTIFS(컬럼_SIP!$D$2:$D$4718, 컬럼_ISM!D99)=0, "ISM", "ALL") -> ALL | B99: =IF(COUNTIFS(컬럼_SIP!$C$2:$C$4718, 컬럼_ISM!C99)=0, "ISM", "ALL") -> ALL | C99: =D99&"+"&E99 -> AUTHOR+SYSTEMID | D99: AUTHOR | E99: SYSTEMID | F99: 4 | G99: VARCHAR2 | H99: 40 | I99: Y | K99: System Id :
A100: =IF(COUNTIFS(컬럼_SIP!$D$2:$D$4718, 컬럼_ISM!D100)=0, "ISM", "ALL") -> ALL | B100: =IF(COUNTIFS(컬럼_SIP!$C$2:$C$4718, 컬럼_ISM!C100)=0, "ISM", "ALL") -> ALL | C100: =D100&"+"&E100 -> AUTHOR+CHECKOUTSTATE | D100: AUTHOR | E100: CHECKOUTSTATE | F100: 5 | G100: VARCHAR2 | H100: 40 | I100: Y | K100: 체크아웃 상태
A101: =IF(COUNTIFS(컬럼_SIP!$D$2:$D$4718, 컬럼_ISM!D101)=0, "ISM", "ALL") -> ALL | B101: =IF(COUNTIFS(컬럼_SIP!$C$2:$C$4718, 컬럼_ISM!C101)=0, "ISM", "ALL") -> ALL | C101: =D101&"+"&E101 -> AUTHOR+CHECKOUTTIME | D101: AUTHOR | E101: CHECKOUTTIME | F101: 6 | G101: DATE | H101: 7 | I101: Y | K101: 체크아웃 시간
A102: =IF(COUNTIFS(컬럼_SIP!$D$2:$D$4718, 컬럼_ISM!D102)=0, "ISM", "ALL") -> ALL | B102: =IF(COUNTIFS(컬럼_SIP!$C$2:$C$4718, 컬럼_ISM!C102)=0, "ISM", "ALL") -> ALL | C102: =D102&"+"&E102 -> AUTHOR+CHECKOUTUSER | D102: AUTHOR | E102: CHECKOUTUSER | F102: 7 | G102: VARCHAR2 | H102: 40 | I102: Y | K102: 체크아웃 사용자
A103: =IF(COUNTIFS(컬럼_SIP!$D$2:$D$4718, 컬럼_ISM!D103)=0, "ISM", "ALL") -> ALL | B103: =IF(COUNTIFS(컬럼_SIP!$C$2:$C$4718, 컬럼_ISM!C103)=0, "ISM", "ALL") -> ALL | C103: =D103&"+"&E103 -> AUTHOR+DATASTATE | D103: AUTHOR | E103: DATASTATE | F103: 8 | G103: VARCHAR2 | H103: 10 | I103: Y | K103: 변경 상태 :
A104: =IF(COUNTIFS(컬럼_SIP!$D$2:$D$4718, 컬럼_ISM!D104)=0, "ISM", "ALL") -> ALL | B104: =IF(COUNTIFS(컬럼_SIP!$C$2:$C$4718, 컬럼_ISM!C104)=0, "ISM", "ALL") -> ALL | C104: =D104&"+"&E104 -> AUTHOR+EVENT | D104: AUTHOR | E104: EVENT | F104: 9 | G104: VARCHAR2 | H104: 40 | I104: Y | K104: 이벤트 :
A105: =IF(COUNTIFS(컬럼_SIP!$D$2:$D$4718, 컬럼_ISM!D105)=0, "ISM", "ALL") -> ALL | B105: =IF(COUNTIFS(컬럼_SIP!$C$2:$C$4718, 컬럼_ISM!C105)=0, "ISM", "ALL") -> ALL | C105: =D105&"+"&E105 -> AUTHOR+TIMEKEY | D105: AUTHOR | E105: TIMEKEY | F105: 10 | G105: VARCHAR2 | H105: 40 | I105: Y | K105: 타임 키 :
A106: =IF(COUNTIFS(컬럼_SIP!$D$2:$D$4718, 컬럼_ISM!D106)=0, "ISM", "ALL") -> ALL | B106: =IF(COUNTIFS(컬럼_SIP!$C$2:$C$4718, 컬럼_ISM!C106)=0, "ISM", "ALL") -> ALL | C106: =D106&"+"&E106 -> AUTHOR+EVENTTIME | D106: AUTHOR | E106: EVENTTIME | F106: 11 | G106: DATE | H106: 7 | I106: Y | K106: 시각 :
A107: =IF(COUNTIFS(컬럼_SIP!$D$2:$D$4718, 컬럼_ISM!D107)=0, "ISM", "ALL") -> ALL | B107: =IF(COUNTIFS(컬럼_SIP!$C$2:$C$4718, 컬럼_ISM!C107)=0, "ISM", "ALL") -> ALL | C107: =D107&"+"&E107 -> AUTHOR+MESSAGE | D107: AUTHOR | E107: MESSAGE | F107: 12 | G107: VARCHAR2 | H107: 40 | I107: Y | K107: 메시지 :
A108: =IF(COUNTIFS(컬럼_SIP!$D$2:$D$4718, 컬럼_ISM!D108)=0, "ISM", "ALL") -> ALL | B108: =IF(COUNTIFS(컬럼_SIP!$C$2:$C$4718, 컬럼_ISM!C108)=0, "ISM", "ALL") -> ALL | C108: =D108&"+"&E108 -> AUTHOR+EVENTUSER | D108: AUTHOR | E108: EVENTUSER | F108: 13 | G108: VARCHAR2 | H108: 40 | I108: Y | K108: 사용자 :
A109: =IF(COUNTIFS(컬럼_SIP!$D$2:$D$4718, 컬럼_ISM!D109)=0, "ISM", "ALL") -> ALL | B109: =IF(COUNTIFS(컬럼_SIP!$C$2:$C$4718, 컬럼_ISM!C109)=0, "ISM", "ALL") -> ALL | C109: =D109&"+"&E109 -> AUTHOR+EVENTCOMMENT | D109: AUTHOR | E109: EVENTCOMMENT | F109: 14 | G109: VARCHAR2 | H109: 500 | I109: Y | K109: System 커맨트 :
A110: =IF(COUNTIFS(컬럼_SIP!$D$2:$D$4718, 컬럼_ISM!D110)=0, "ISM", "ALL") -> ALL | B110: =IF(COUNTIFS(컬럼_SIP!$C$2:$C$4718, 컬럼_ISM!C110)=0, "ISM", "ALL") -> ALL | C110: =D110&"+"&E110 -> AUTHORHISTORY+AUTHORID | D110: AUTHORHISTORY | E110: AUTHORID | F110: 1 | G110: VARCHAR2 | H110: 40 | I110: N | J110: PK | K110: 권한 ID :
A111: =IF(COUNTIFS(컬럼_SIP!$D$2:$D$4718, 컬럼_ISM!D111)=0, "ISM", "ALL") -> ALL | B111: =IF(COUNTIFS(컬럼_SIP!$C$2:$C$4718, 컬럼_ISM!C111)=0, "ISM", "ALL") -> ALL | C111: =D111&"+"&E111 -> AUTHORHISTORY+AUTHORNAME | D111: AUTHORHISTORY | E111: AUTHORNAME | F111: 2 | G111: VARCHAR2 | H111: 40 | I111: Y | K111: 권한 명 :
A112: =IF(COUNTIFS(컬럼_SIP!$D$2:$D$4718, 컬럼_ISM!D112)=0, "ISM", "ALL") -> ALL | B112: =IF(COUNTIFS(컬럼_SIP!$C$2:$C$4718, 컬럼_ISM!C112)=0, "ISM", "ALL") -> ALL | C112: =D112&"+"&E112 -> AUTHORHISTORY+DESCRIPTION | D112: AUTHORHISTORY | E112: DESCRIPTION | F112: 3 | G112: VARCHAR2 | H112: 400 | I112: Y | K112: 권한 설명 :
A113: =IF(COUNTIFS(컬럼_SIP!$D$2:$D$4718, 컬럼_ISM!D113)=0, "ISM", "ALL") -> ALL | B113: =IF(COUNTIFS(컬럼_SIP!$C$2:$C$4718, 컬럼_ISM!C113)=0, "ISM", "ALL") -> ALL | C113: =D113&"+"&E113 -> AUTHORHISTORY+SYSTEMID | D113: AUTHORHISTORY | E113: SYSTEMID | F113: 4 | G113: VARCHAR2 | H113: 40 | I113: Y | K113: System Id :
A114: =IF(COUNTIFS(컬럼_SIP!$D$2:$D$4718, 컬럼_ISM!D114)=0, "ISM", "ALL") -> ALL | B114: =IF(COUNTIFS(컬럼_SIP!$C$2:$C$4718, 컬럼_ISM!C114)=0, "ISM", "ALL") -> ALL | C114: =D114&"+"&E114 -> AUTHORHISTORY+CHECKOUTSTATE | D114: AUTHORHISTORY | E114: CHECKOUTSTATE | F114: 5 | G114: VARCHAR2 | H114: 40 | I114: Y | K114: 체크아웃 상태
A115: =IF(COUNTIFS(컬럼_SIP!$D$2:$D$4718, 컬럼_ISM!D115)=0, "ISM", "ALL") -> ALL | B115: =IF(COUNTIFS(컬럼_SIP!$C$2:$C$4718, 컬럼_ISM!C115)=0, "ISM", "ALL") -> ALL | C115: =D115&"+"&E115 -> AUTHORHISTORY+CHECKOUTTIME | D115: AUTHORHISTORY | E115: CHECKOUTTIME | F115: 6 | G115: DATE | H115: 7 | I115: Y | K115: 체크아웃 시간
A116: =IF(COUNTIFS(컬럼_SIP!$D$2:$D$4718, 컬럼_ISM!D116)=0, "ISM", "ALL") -> ALL | B116: =IF(COUNTIFS(컬럼_SIP!$C$2:$C$4718, 컬럼_ISM!C116)=0, "ISM", "ALL") -> ALL | C116: =D116&"+"&E116 -> AUTHORHISTORY+CHECKOUTUSER | D116: AUTHORHISTORY | E116: CHECKOUTUSER | F116: 7 | G116: VARCHAR2 | H116: 40 | I116: Y | K116: 체크아웃 사용자
A117: =IF(COUNTIFS(컬럼_SIP!$D$2:$D$4718, 컬럼_ISM!D117)=0, "ISM", "ALL") -> ALL | B117: =IF(COUNTIFS(컬럼_SIP!$C$2:$C$4718, 컬럼_ISM!C117)=0, "ISM", "ALL") -> ALL | C117: =D117&"+"&E117 -> AUTHORHISTORY+DATASTATE | D117: AUTHORHISTORY | E117: DATASTATE | F117: 8 | G117: VARCHAR2 | H117: 10 | I117: Y | K117: 변경 상태 :
A118: =IF(COUNTIFS(컬럼_SIP!$D$2:$D$4718, 컬럼_ISM!D118)=0, "ISM", "ALL") -> ALL | B118: =IF(COUNTIFS(컬럼_SIP!$C$2:$C$4718, 컬럼_ISM!C118)=0, "ISM", "ALL") -> ALL | C118: =D118&"+"&E118 -> AUTHORHISTORY+EVENT | D118: AUTHORHISTORY | E118: EVENT | F118: 9 | G118: VARCHAR2 | H118: 40 | I118: Y | K118: 이벤트 :
A119: =IF(COUNTIFS(컬럼_SIP!$D$2:$D$4718, 컬럼_ISM!D119)=0, "ISM", "ALL") -> ALL | B119: =IF(COUNTIFS(컬럼_SIP!$C$2:$C$4718, 컬럼_ISM!C119)=0, "ISM", "ALL") -> ALL | C119: =D119&"+"&E119 -> AUTHORHISTORY+TIMEKEY | D119: AUTHORHISTORY | E119: TIMEKEY | F119: 10 | G119: VARCHAR2 | H119: 40 | I119: N | J119: PK | K119: 타임 키 :
A120: =IF(COUNTIFS(컬럼_SIP!$D$2:$D$4718, 컬럼_ISM!D120)=0, "ISM", "ALL") -> ALL | B120: =IF(COUNTIFS(컬럼_SIP!$C$2:$C$4718, 컬럼_ISM!C120)=0, "ISM", "ALL") -> ALL | C120: =D120&"+"&E120 -> AUTHORHISTORY+EVENTTIME | D120: AUTHORHISTORY | E120: EVENTTIME | F120: 11 | G120: DATE | H120: 7 | I120: Y | K120: 시각 :
A121: =IF(COUNTIFS(컬럼_SIP!$D$2:$D$4718, 컬럼_ISM!D121)=0, "ISM", "ALL") -> ALL | B121: =IF(COUNTIFS(컬럼_SIP!$C$2:$C$4718, 컬럼_ISM!C121)=0, "ISM", "ALL") -> ALL | C121: =D121&"+"&E121 -> AUTHORHISTORY+MESSAGE | D121: AUTHORHISTORY | E121: MESSAGE | F121: 12 | G121: VARCHAR2 | H121: 40 | I121: Y | K121: 메시지 :
A122: =IF(COUNTIFS(컬럼_SIP!$D$2:$D$4718, 컬럼_ISM!D122)=0, "ISM", "ALL") -> ALL | B122: =IF(COUNTIFS(컬럼_SIP!$C$2:$C$4718, 컬럼_ISM!C122)=0, "ISM", "ALL") -> ALL | C122: =D122&"+"&E122 -> AUTHORHISTORY+EVENTUSER | D122: AUTHORHISTORY | E122: EVENTUSER | F122: 13 | G122: VARCHAR2 | H122: 40 | I122: Y | K122: 사용자 :
A123: =IF(COUNTIFS(컬럼_SIP!$D$2:$D$4718, 컬럼_ISM!D123)=0, "ISM", "ALL") -> ALL | B123: =IF(COUNTIFS(컬럼_SIP!$C$2:$C$4718, 컬럼_ISM!C123)=0, "ISM", "ALL") -> ALL | C123: =D123&"+"&E123 -> AUTHORHISTORY+EVENTCOMMENT | D123: AUTHORHISTORY | E123: EVENTCOMMENT | F123: 14 | G123: VARCHAR2 | H123: 500 | I123: Y | K123: System 커맨트 :
A124: =IF(COUNTIFS(컬럼_SIP!$D$2:$D$4718, 컬럼_ISM!D124)=0, "ISM", "ALL") -> ALL | B124: =IF(COUNTIFS(컬럼_SIP!$C$2:$C$4718, 컬럼_ISM!C124)=0, "ISM", "ALL") -> ALL | C124: =D124&"+"&E124 -> AUTHORMENU+AUTHORID | D124: AUTHORMENU | E124: AUTHORID | F124: 1 | G124: VARCHAR2 | H124: 40 | I124: N | J124: PK | K124: 권한 ID :
A125: =IF(COUNTIFS(컬럼_SIP!$D$2:$D$4718, 컬럼_ISM!D125)=0, "ISM", "ALL") -> ALL | B125: =IF(COUNTIFS(컬럼_SIP!$C$2:$C$4718, 컬럼_ISM!C125)=0, "ISM", "ALL") -> ALL | C125: =D125&"+"&E125 -> AUTHORMENU+MENUNO | D125: AUTHORMENU | E125: MENUNO | F125: 2 | G125: NUMBER | H125: 22 | I125: N | J125: PK | K125: 메뉴번호 :
A126: =IF(COUNTIFS(컬럼_SIP!$D$2:$D$4718, 컬럼_ISM!D126)=0, "ISM", "ALL") -> ALL | B126: =IF(COUNTIFS(컬럼_SIP!$C$2:$C$4718, 컬럼_ISM!C126)=0, "ISM", "ALL") -> ALL | C126: =D126&"+"&E126 -> AUTHORMENU+DATASTATE | D126: AUTHORMENU | E126: DATASTATE | F126: 3 | G126: VARCHAR2 | H126: 10 | I126: Y | K126: 변경 상태 :
...

Sheet 컬럼_SIP
A1: 테이블 존재 | B1: 컬럼 존재 | C1: TAB+COL | D1: TAB_NAME | E1: COL_NAME | F1: COL_ID | G1: TYPE | H1: LENGTH | I1: NULLABLE | J1: PK | K1: COMMENTS
A2: =IF(COUNTIFS(컬럼_ISM!$D$2:$D$5176, 컬럼_SIP!D2)=0, "SIP", "ALL") -> SIP | B2: =IF(COUNTIFS(컬럼_ISM!$C$2:$C$5176, 컬럼_SIP!C2)=0, "SIP", "ALL") -> SIP | C2: =D2&"+"&E2 -> ALARM+ALARMID | D2: ALARM | E2: ALARMID | F2: 1 | G2: VARCHAR2 | H2: 40 | I2: N | J2: PK | K2: 발생한 ALARM별 Unique한 ID
A3: =IF(COUNTIFS(컬럼_ISM!$D$2:$D$5176, 컬럼_SIP!D3)=0, "SIP", "ALL") -> SIP | B3: =IF(COUNTIFS(컬럼_ISM!$C$2:$C$5176, 컬럼_SIP!C3)=0, "SIP", "ALL") -> SIP | C3: =D3&"+"&E3 -> ALARM+FACTORYID | D3: ALARM | E3: FACTORYID | F3: 2 | G3: VARCHAR2 | H3: 40 | I3: N | J3: PK | K3: 공장 ID
A4: =IF(COUNTIFS(컬럼_ISM!$D$2:$D$5176, 컬럼_SIP!D4)=0, "SIP", "ALL") -> SIP | B4: =IF(COUNTIFS(컬럼_ISM!$C$2:$C$5176, 컬럼_SIP!C4)=0, "SIP", "ALL") -> SIP | C4: =D4&"+"&E4 -> ALARM+ALARMGROUPID | D4: ALARM | E4: ALARMGROUPID | F4: 3 | G4: VARCHAR2 | H4: 40 | I4: Y | K4: ALARM을 발생시키는 곳 (EQP, SPC, SYSTEM)
A5: =IF(COUNTIFS(컬럼_ISM!$D$2:$D$5176, 컬럼_SIP!D5)=0, "SIP", "ALL") -> SIP | B5: =IF(COUNTIFS(컬럼_ISM!$C$2:$C$5176, 컬럼_SIP!C5)=0, "SIP", "ALL") -> SIP | C5: =D5&"+"&E5 -> ALARM+ALARMLEVEL | D5: ALARM | E5: ALARMLEVEL | F5: 4 | G5: VARCHAR2 | H5: 40 | I5: Y | K5: ALARM 등급에 대한 Level(INFO, WARNING, ALARM)
A6: =IF(COUNTIFS(컬럼_ISM!$D$2:$D$5176, 컬럼_SIP!D6)=0, "SIP", "ALL") -> SIP | B6: =IF(COUNTIFS(컬럼_ISM!$C$2:$C$5176, 컬럼_SIP!C6)=0, "SIP", "ALL") -> SIP | C6: =D6&"+"&E6 -> ALARM+ALARMCODE | D6: ALARM | E6: ALARMCODE | F6: 5 | G6: VARCHAR2 | H6: 40 | I6: Y | K6: ALARM이 발생될때 장비등에서 부여하는 Code
A7: =IF(COUNTIFS(컬럼_ISM!$D$2:$D$5176, 컬럼_SIP!D7)=0, "SIP", "ALL") -> SIP | B7: =IF(COUNTIFS(컬럼_ISM!$C$2:$C$5176, 컬럼_SIP!C7)=0, "SIP", "ALL") -> SIP | C7: =D7&"+"&E7 -> ALARM+ALARMTYPE | D7: ALARM | E7: ALARMTYPE | F7: 6 | G7: VARCHAR2 | H7: 40 | I7: Y | K7: ALARM 발생후 사용자가 발생한 Alarm을 handling할수 있는 범위들의 Type(ACTIVATE, ACKNOWLEDGE, CLEAR)
A8: =IF(COUNTIFS(컬럼_ISM!$D$2:$D$5176, 컬럼_SIP!D8)=0, "SIP", "ALL") -> SIP | B8: =IF(COUNTIFS(컬럼_ISM!$C$2:$C$5176, 컬럼_SIP!C8)=0, "SIP", "ALL") -> SIP | C8: =D8&"+"&E8 -> ALARM+DESTTYPE | D8: ALARM | E8: DESTTYPE | F8: 7 | G8: VARCHAR2 | H8: 40 | I8: Y | K8: ALARM 발생시 발생한 ALARM을 알릴수 있는 범위(FAB, Area, Equipment)
A9: =IF(COUNTIFS(컬럼_ISM!$D$2:$D$5176, 컬럼_SIP!D9)=0, "SIP", "ALL") -> SIP | B9: =IF(COUNTIFS(컬럼_ISM!$C$2:$C$5176, 컬럼_SIP!C9)=0, "SIP", "ALL") -> SIP | C9: =D9&"+"&E9 -> ALARM+ALARMTEXT | D9: ALARM | E9: ALARMTEXT | F9: 8 | G9: VARCHAR2 | H9: 1000 | I9: Y | K9: 발생한 ALARM에 대한 상세 내용
A10: =IF(COUNTIFS(컬럼_ISM!$D$2:$D$5176, 컬럼_SIP!D10)=0, "SIP", "ALL") -> SIP | B10: =IF(COUNTIFS(컬럼_ISM!$C$2:$C$5176, 컬럼_SIP!C10)=0, "SIP", "ALL") -> SIP | C10: =D10&"+"&E10 -> ALARM+ALARMSOLVE | D10: ALARM | E10: ALARMSOLVE | F10: 9 | G10: VARCHAR2 | H10: 400 | I10: Y | K10: ALARM 대응방안
A11: =IF(COUNTIFS(컬럼_ISM!$D$2:$D$5176, 컬럼_SIP!D11)=0, "SIP", "ALL") -> SIP | B11: =IF(COUNTIFS(컬럼_ISM!$C$2:$C$5176, 컬럼_SIP!C11)=0, "SIP", "ALL") -> SIP | C11: =D11&"+"&E11 -> ALARM+ALARMSTATE | D11: ALARM | E11: ALARMSTATE | F11: 10 | G11: VARCHAR2 | H11: 40 | I11: Y | K11: 발생한 ALARM의 State (ACTIVATED/ACKNOWLEDGED/CLEARED)
A12: =IF(COUNTIFS(컬럼_ISM!$D$2:$D$5176, 컬럼_SIP!D12)=0, "SIP", "ALL") -> SIP | B12: =IF(COUNTIFS(컬럼_ISM!$C$2:$C$5176, 컬럼_SIP!C12)=0, "SIP", "ALL") -> SIP | C12: =D12&"+"&E12 -> ALARM+AREAID | D12: ALARM | E12: AREAID | F12: 11 | G12: VARCHAR2 | H12: 40 | I12: Y | K12: ALARM이 발생한 AREAID
A13: =IF(COUNTIFS(컬럼_ISM!$D$2:$D$5176, 컬럼_SIP!D13)=0, "SIP", "ALL") -> SIP | B13: =IF(COUNTIFS(컬럼_ISM!$C$2:$C$5176, 컬럼_SIP!C13)=0, "SIP", "ALL") -> SIP | C13: =D13&"+"&E13 -> ALARM+EQUIPMENTID | D13: ALARM | E13: EQUIPMENTID | F13: 12 | G13: VARCHAR2 | H13: 40 | I13: Y | K13: ALARM이 발생된 설비에 부여된 고유한 이름
A14: =IF(COUNTIFS(컬럼_ISM!$D$2:$D$5176, 컬럼_SIP!D14)=0, "SIP", "ALL") -> SIP | B14: =IF(COUNTIFS(컬럼_ISM!$C$2:$C$5176, 컬럼_SIP!C14)=0, "SIP", "ALL") -> SIP | C14: =D14&"+"&E14 -> ALARM+ACKTIME | D14: ALARM | E14: ACKTIME | F14: 13 | G14: DATE | H14: 7 | I14: Y | K14: ALARM State가 Acknowledge일때 시간
A15: =IF(COUNTIFS(컬럼_ISM!$D$2:$D$5176, 컬럼_SIP!D15)=0, "SIP", "ALL") -> SIP | B15: =IF(COUNTIFS(컬럼_ISM!$C$2:$C$5176, 컬럼_SIP!C15)=0, "SIP", "ALL") -> SIP | C15: =D15&"+"&E15 -> ALARM+ACKUSER | D15: ALARM | E15: ACKUSER | F15: 14 | G15: VARCHAR2 | H15: 40 | I15: Y | K15: ALARM State가 Acknowledge로 변경한 User
... A27: =IF(COUNTIFS(컬럼_ISM!$D$2:$D$5176, 컬럼_SIP!D27)=0, "SIP", "ALL") -> SIP | B27: =IF(COUNTIFS(컬럼_ISM!$C$2:$C$5176, 컬럼_SIP!C27)=0, "SIP", "ALL") -> SIP | C27: =D27&"+"&E27 -> ALARM+EVENTCOMMENT | D27: ALARM | E27: EVENTCOMMENT | F27: 26 | G27: VARCHAR2 | H27: 500 | I27: Y | K27: System 커맨트
A28: =IF(COUNTIFS(컬럼_ISM!$D$2:$D$5176, 컬럼_SIP!D28)=0, "SIP", "ALL") -> SIP | B28: =IF(COUNTIFS(컬럼_ISM!$C$2:$C$5176, 컬럼_SIP!C28)=0, "SIP", "ALL") -> SIP | C28: =D28&"+"&E28 -> ALARMACTION+ALARMGROUPID | D28: ALARMACTION | E28: ALARMGROUPID | F28: 1 | G28: VARCHAR2 | H28: 40 | I28: N | J28: PK | K28: ALARM을 발생시키는 곳 (EQP, SPC, SYSTEM)
A29: =IF(COUNTIFS(컬럼_ISM!$D$2:$D$5176, 컬럼_SIP!D29)=0, "SIP", "ALL") -> SIP | B29: =IF(COUNTIFS(컬럼_ISM!$C$2:$C$5176, 컬럼_SIP!C29)=0, "SIP", "ALL") -> SIP | C29: =D29&"+"&E29 -> ALARMACTION+FACTORYID | D29: ALARMACTION | E29: FACTORYID | F29: 2 | G29: VARCHAR2 | H29: 40 | I29: N | J29: PK | K29: 공장 ID
A30: =IF(COUNTIFS(컬럼_ISM!$D$2:$D$5176, 컬럼_SIP!D30)=0, "SIP", "ALL") -> SIP | B30: =IF(COUNTIFS(컬럼_ISM!$C$2:$C$5176, 컬럼_SIP!C30)=0, "SIP", "ALL") -> SIP | C30: =D30&"+"&E30 -> ALARMACTION+ALARMLEVEL | D30: ALARMACTION | E30: ALARMLEVEL | F30: 3 | G30: VARCHAR2 | H30: 40 | I30: N | J30: PK | K30: ALARM 등급에 대한 Level(INFO, WARNING, ALARM)
A31: =IF(COUNTIFS(컬럼_ISM!$D$2:$D$5176, 컬럼_SIP!D31)=0, "SIP", "ALL") -> SIP | B31: =IF(COUNTIFS(컬럼_ISM!$C$2:$C$5176, 컬럼_SIP!C31)=0, "SIP", "ALL") -> SIP | C31: =D31&"+"&E31 -> ALARMACTION+ALARMTYPE | D31: ALARMACTION | E31: ALARMTYPE | F31: 4 | G31: VARCHAR2 | H31: 40 | I31: N | J31: PK | K31: ALARM 발생후 사용자가 발생한 Alarm을 handling할수 있는 범위들의 Type(ACTIVATE, ACKNOWLEDGE, CLEAR)
A32: =IF(COUNTIFS(컬럼_ISM!$D$2:$D$5176, 컬럼_SIP!D32)=0, "SIP", "ALL") -> SIP | B32: =IF(COUNTIFS(컬럼_ISM!$C$2:$C$5176, 컬럼_SIP!C32)=0, "SIP", "ALL") -> SIP | C32: =D32&"+"&E32 -> ALARMACTION+ACTION | D32: ALARMACTION | E32: ACTION | F32: 5 | G32: VARCHAR2 | H32: 40 | I32: N | J32: PK | K32: ALARM 발생시 알람행위(HoldLot,HoldEQP,Email,SMS,AlarmLamp)
A33: =IF(COUNTIFS(컬럼_ISM!$D$2:$D$5176, 컬럼_SIP!D33)=0, "SIP", "ALL") -> SIP | B33: =IF(COUNTIFS(컬럼_ISM!$C$2:$C$5176, 컬럼_SIP!C33)=0, "SIP", "ALL") -> SIP | C33: =D33&"+"&E33 -> ALARMACTION+CHECKOUTSTATE | D33: ALARMACTION | E33: CHECKOUTSTATE | F33: 6 | G33: VARCHAR2 | H33: 40 | I33: Y | K33: User별 데이터 편집상태 (CheckedIn/CheckedOut/CancelCheckedOut)
A34: =IF(COUNTIFS(컬럼_ISM!$D$2:$D$5176, 컬럼_SIP!D34)=0, "SIP", "ALL") -> SIP | B34: =IF(COUNTIFS(컬럼_ISM!$C$2:$C$5176, 컬럼_SIP!C34)=0, "SIP", "ALL") -> SIP | C34: =D34&"+"&E34 -> ALARMACTION+CHECKOUTTIME | D34: ALARMACTION | E34: CHECKOUTTIME | F34: 7 | G34: DATE | H34: 7 | I34: Y | K34: 데이터 편집위해 CheckOut시간
A35: =IF(COUNTIFS(컬럼_ISM!$D$2:$D$5176, 컬럼_SIP!D35)=0, "SIP", "ALL") -> SIP | B35: =IF(COUNTIFS(컬럼_ISM!$C$2:$C$5176, 컬럼_SIP!C35)=0, "SIP", "ALL") -> SIP | C35: =D35&"+"&E35 -> ALARMACTION+CHECKOUTUSER | D35: ALARMACTION | E35: CHECKOUTUSER | F35: 8 | G35: VARCHAR2 | H35: 40 | I35: Y | K35: CheckOut 사용자ID
A36: =IF(COUNTIFS(컬럼_ISM!$D$2:$D$5176, 컬럼_SIP!D36)=0, "SIP", "ALL") -> SIP | B36: =IF(COUNTIFS(컬럼_ISM!$C$2:$C$5176, 컬럼_SIP!C36)=0, "SIP", "ALL") -> SIP | C36: =D36&"+"&E36 -> ALARMACTION+DATASTATE | D36: ALARMACTION | E36: DATASTATE | F36: 9 | G36: VARCHAR2 | H36: 10 | I36: Y | K36: 변경 상태 (Created/Removed)
A37: =IF(COUNTIFS(컬럼_ISM!$D$2:$D$5176, 컬럼_SIP!D37)=0, "SIP", "ALL") -> SIP | B37: =IF(COUNTIFS(컬럼_ISM!$C$2:$C$5176, 컬럼_SIP!C37)=0, "SIP", "ALL") -> SIP | C37: =D37&"+"&E37 -> ALARMACTION+EVENT | D37: ALARMACTION | E37: EVENT | F37: 10 | G37: VARCHAR2 | H37: 40 | I37: Y | K37: 이벤트 (CheckedIn/CheckedOut/CancelCheckedOut/Created/Modify/Removed)
A38: =IF(COUNTIFS(컬럼_ISM!$D$2:$D$5176, 컬럼_SIP!D38)=0, "SIP", "ALL") -> SIP | B38: =IF(COUNTIFS(컬럼_ISM!$C$2:$C$5176, 컬럼_SIP!C38)=0, "SIP", "ALL") -> SIP | C38: =D38&"+"&E38 -> ALARMACTION+TIMEKEY | D38: ALARMACTION | E38: TIMEKEY | F38: 11 | G38: VARCHAR2 | H38: 40 | I38: Y | K38: 이벤트 발생 Key
A39: =IF(COUNTIFS(컬럼_ISM!$D$2:$D$5176, 컬럼_SIP!D39)=0, "SIP", "ALL") -> SIP | B39: =IF(COUNTIFS(컬럼_ISM!$C$2:$C$5176, 컬럼_SIP!C39)=0, "SIP", "ALL") -> SIP | C39: =D39&"+"&E39 -> ALARMACTION+EVENTTIME | D39: ALARMACTION | E39: EVENTTIME | F39: 12 | G39: DATE | H39: 7 | I39: Y | K39: 이벤트 발생 시간
A40: =IF(COUNTIFS(컬럼_ISM!$D$2:$D$5176, 컬럼_SIP!D40)=0, "SIP", "ALL") -> SIP | B40: =IF(COUNTIFS(컬럼_ISM!$C$2:$C$5176, 컬럼_SIP!C40)=0, "SIP", "ALL") -> SIP | C40: =D40&"+"&E40 -> ALARMACTION+EVENTUSER | D40: ALARMACTION | E40: EVENTUSER | F40: 13 | G40: VARCHAR2 | H40: 40 | I40: Y | K40: 이벤트 발생 사용자
A41: =IF(COUNTIFS(컬럼_ISM!$D$2:$D$5176, 컬럼_SIP!D41)=0, "SIP", "ALL") -> SIP | B41: =IF(COUNTIFS(컬럼_ISM!$C$2:$C$5176, 컬럼_SIP!C41)=0, "SIP", "ALL") -> SIP | C41: =D41&"+"&E41 -> ALARMACTION+EVENTCOMMENT | D41: ALARMACTION | E41: EVENTCOMMENT | F41: 14 | G41: VARCHAR2 | H41: 500 | I41: Y | K41: System 커맨트
A42: =IF(COUNTIFS(컬럼_ISM!$D$2:$D$5176, 컬럼_SIP!D42)=0, "SIP", "ALL") -> SIP | B42: =IF(COUNTIFS(컬럼_ISM!$C$2:$C$5176, 컬럼_SIP!C42)=0, "SIP", "ALL") -> SIP | C42: =D42&"+"&E42 -> ALARMACTIONHISTORY+ALARMGROUPID | D42: ALARMACTIONHISTORY | E42: ALARMGROUPID | F42: 1 | G42: VARCHAR2 | H42: 40 | I42: N | J42: PK | K42: ALARM을 발생시키는 곳 (EQP, SPC, SYSTEM)
A43: =IF(COUNTIFS(컬럼_ISM!$D$2:$D$5176, 컬럼_SIP!D43)=0, "SIP", "ALL") -> SIP | B43: =IF(COUNTIFS(컬럼_ISM!$C$2:$C$5176, 컬럼_SIP!C43)=0, "SIP", "ALL") -> SIP | C43: =D43&"+"&E43 -> ALARMACTIONHISTORY+FACTORYID | D43: ALARMACTIONHISTORY | E43: FACTORYID | F43: 2 | G43: VARCHAR2 | H43: 40 | I43: N | J43: PK | K43: 공장 ID
A44: =IF(COUNTIFS(컬럼_ISM!$D$2:$D$5176, 컬럼_SIP!D44)=0, "SIP", "ALL") -> SIP | B44: =IF(COUNTIFS(컬럼_ISM!$C$2:$C$5176, 컬럼_SIP!C44)=0, "SIP", "ALL") -> SIP | C44: =D44&"+"&E44 -> ALARMACTIONHISTORY+ALARMLEVEL | D44: ALARMACTIONHISTORY | E44: ALARMLEVEL | F44: 3 | G44: VARCHAR2 | H44: 40 | I44: N | J44: PK | K44: ALARM 등급에 대한 Level(INFO, WARNING, ALARM)
A45: =IF(COUNTIFS(컬럼_ISM!$D$2:$D$5176, 컬럼_SIP!D45)=0, "SIP", "ALL") -> SIP | B45: =IF(COUNTIFS(컬럼_ISM!$C$2:$C$5176, 컬럼_SIP!C45)=0, "SIP", "ALL") -> SIP | C45: =D45&"+"&E45 -> ALARMACTIONHISTORY+ALARMTYPE | D45: ALARMACTIONHISTORY | E45: ALARMTYPE | F45: 4 | G45: VARCHAR2 | H45: 40 | I45: N | J45: PK | K45: ALARM 발생후 사용자가 발생한 Alarm을 handling할수 있는 범위들의 Type(ACTIVATE, ACKNOWLEDGE, CLEAR)
A46: =IF(COUNTIFS(컬럼_ISM!$D$2:$D$5176, 컬럼_SIP!D46)=0, "SIP", "ALL") -> SIP | B46: =IF(COUNTIFS(컬럼_ISM!$C$2:$C$5176, 컬럼_SIP!C46)=0, "SIP", "ALL") -> SIP | C46: =D46&"+"&E46 -> ALARMACTIONHISTORY+ACTION | D46: ALARMACTIONHISTORY | E46: ACTION | F46: 5 | G46: VARCHAR2 | H46: 40 | I46: N | J46: PK | K46: ALARM 발생시 알람행위(HoldLot,HoldEQP,Email,SMS,AlarmLamp)
A47: =IF(COUNTIFS(컬럼_ISM!$D$2:$D$5176, 컬럼_SIP!D47)=0, "SIP", "ALL") -> SIP | B47: =IF(COUNTIFS(컬럼_ISM!$C$2:$C$5176, 컬럼_SIP!C47)=0, "SIP", "ALL") -> SIP | C47: =D47&"+"&E47 -> ALARMACTIONHISTORY+CHECKOUTSTATE | D47: ALARMACTIONHISTORY | E47: CHECKOUTSTATE | F47: 6 | G47: VARCHAR2 | H47: 40 | I47: Y | K47: User별 데이터 편집상태 (CheckedIn/CheckedOut/CancelCheckedOut)
A48: =IF(COUNTIFS(컬럼_ISM!$D$2:$D$5176, 컬럼_SIP!D48)=0, "SIP", "ALL") -> SIP | B48: =IF(COUNTIFS(컬럼_ISM!$C$2:$C$5176, 컬럼_SIP!C48)=0, "SIP", "ALL") -> SIP | C48: =D48&"+"&E48 -> ALARMACTIONHISTORY+CHECKOUTTIME | D48: ALARMACTIONHISTORY | E48: CHECKOUTTIME | F48: 7 | G48: DATE | H48: 7 | I48: Y | K48: 데이터 편집위해 CheckOut시간
A49: =IF(COUNTIFS(컬럼_ISM!$D$2:$D$5176, 컬럼_SIP!D49)=0, "SIP", "ALL") -> SIP | B49: =IF(COUNTIFS(컬럼_ISM!$C$2:$C$5176, 컬럼_SIP!C49)=0, "SIP", "ALL") -> SIP | C49: =D49&"+"&E49 -> ALARMACTIONHISTORY+CHECKOUTUSER | D49: ALARMACTIONHISTORY | E49: CHECKOUTUSER | F49: 8 | G49: VARCHAR2 | H49: 40 | I49: Y | K49: CheckOut 사용자ID
A50: =IF(COUNTIFS(컬럼_ISM!$D$2:$D$5176, 컬럼_SIP!D50)=0, "SIP", "ALL") -> SIP | B50: =IF(COUNTIFS(컬럼_ISM!$C$2:$C$5176, 컬럼_SIP!C50)=0, "SIP", "ALL") -> SIP | C50: =D50&"+"&E50 -> ALARMACTIONHISTORY+DATASTATE | D50: ALARMACTIONHISTORY | E50: DATASTATE | F50: 9 | G50: VARCHAR2 | H50: 10 | I50: Y | K50: 변경 상태 (Created/Removed)
A51: =IF(COUNTIFS(컬럼_ISM!$D$2:$D$5176, 컬럼_SIP!D51)=0, "SIP", "ALL") -> SIP | B51: =IF(COUNTIFS(컬럼_ISM!$C$2:$C$5176, 컬럼_SIP!C51)=0, "SIP", "ALL") -> SIP | C51: =D51&"+"&E51 -> ALARMACTIONHISTORY+EVENT | D51: ALARMACTIONHISTORY | E51: EVENT | F51: 10 | G51: VARCHAR2 | H51: 40 | I51: Y | K51: 이벤트 (CheckedIn/CheckedOut/CancelCheckedOut/Created/Modify/Removed)
A52: =IF(COUNTIFS(컬럼_ISM!$D$2:$D$5176, 컬럼_SIP!D52)=0, "SIP", "ALL") -> SIP | B52: =IF(COUNTIFS(컬럼_ISM!$C$2:$C$5176, 컬럼_SIP!C52)=0, "SIP", "ALL") -> SIP | C52: =D52&"+"&E52 -> ALARMACTIONHISTORY+TIMEKEY | D52: ALARMACTIONHISTORY | E52: TIMEKEY | F52: 11 | G52: VARCHAR2 | H52: 40 | I52: N | J52: PK | K52: 이벤트 발생 Key
A53: =IF(COUNTIFS(컬럼_ISM!$D$2:$D$5176, 컬럼_SIP!D53)=0, "SIP", "ALL") -> SIP | B53: =IF(COUNTIFS(컬럼_ISM!$C$2:$C$5176, 컬럼_SIP!C53)=0, "SIP", "ALL") -> SIP | C53: =D53&"+"&E53 -> ALARMACTIONHISTORY+EVENTTIME | D53: ALARMACTIONHISTORY | E53: EVENTTIME | F53: 12 | G53: DATE | H53: 7 | I53: Y | K53: 이벤트 발생 시간
A54: =IF(COUNTIFS(컬럼_ISM!$D$2:$D$5176, 컬럼_SIP!D54)=0, "SIP", "ALL") -> SIP | B54: =IF(COUNTIFS(컬럼_ISM!$C$2:$C$5176, 컬럼_SIP!C54)=0, "SIP", "ALL") -> SIP | C54: =D54&"+"&E54 -> ALARMACTIONHISTORY+EVENTUSER | D54: ALARMACTIONHISTORY | E54: EVENTUSER | F54: 13 | G54: VARCHAR2 | H54: 40 | I54: Y | K54: 이벤트 발생 사용자
A55: =IF(COUNTIFS(컬럼_ISM!$D$2:$D$5176, 컬럼_SIP!D55)=0, "SIP", "ALL") -> SIP | B55: =IF(COUNTIFS(컬럼_ISM!$C$2:$C$5176, 컬럼_SIP!C55)=0, "SIP", "ALL") -> SIP | C55: =D55&"+"&E55 -> ALARMACTIONHISTORY+EVENTCOMMENT | D55: ALARMACTIONHISTORY | E55: EVENTCOMMENT | F55: 14 | G55: VARCHAR2 | H55: 500 | I55: Y | K55: System 커맨트
A56: =IF(COUNTIFS(컬럼_ISM!$D$2:$D$5176, 컬럼_SIP!D56)=0, "SIP", "ALL") -> SIP | B56: =IF(COUNTIFS(컬럼_ISM!$C$2:$C$5176, 컬럼_SIP!C56)=0, "SIP", "ALL") -> SIP | C56: =D56&"+"&E56 -> ALARMCODE+ALARMCODE | D56: ALARMCODE | E56: ALARMCODE | F56: 1 | G56: VARCHAR2 | H56: 40 | I56: N | J56: PK | K56: ALARM이 발생될때 장비등에서 부여하는 Code
A57: =IF(COUNTIFS(컬럼_ISM!$D$2:$D$5176, 컬럼_SIP!D57)=0, "SIP", "ALL") -> SIP | B57: =IF(COUNTIFS(컬럼_ISM!$C$2:$C$5176, 컬럼_SIP!C57)=0, "SIP", "ALL") -> SIP | C57: =D57&"+"&E57 -> ALARMCODE+FACTORYID | D57: ALARMCODE | E57: FACTORYID | F57: 2 | G57: VARCHAR2 | H57: 40 | I57: N | J57: PK | K57: 공장 ID
A58: =IF(COUNTIFS(컬럼_ISM!$D$2:$D$5176, 컬럼_SIP!D58)=0, "SIP", "ALL") -> SIP | B58: =IF(COUNTIFS(컬럼_ISM!$C$2:$C$5176, 컬럼_SIP!C58)=0, "SIP", "ALL") -> SIP | C58: =D58&"+"&E58 -> ALARMCODE+ALARMGROUPID | D58: ALARMCODE | E58: ALARMGROUPID | F58: 3 | G58: VARCHAR2 | H58: 40 | I58: N | J58: PK | K58: ALARM을 발생시키는 곳 (EQP, SPC, SYSTEM)
A59: =IF(COUNTIFS(컬럼_ISM!$D$2:$D$5176, 컬럼_SIP!D59)=0, "SIP", "ALL") -> SIP | B59: =IF(COUNTIFS(컬럼_ISM!$C$2:$C$5176, 컬럼_SIP!C59)=0, "SIP", "ALL") -> SIP | C59: =D59&"+"&E59 -> ALARMCODE+ALARMLEVEL | D59: ALARMCODE | E59: ALARMLEVEL | F59: 4 | G59: VARCHAR2 | H59: 40 | I59: Y | K59: ALARM 등급에 대한 Level(INFO, WARNING, ALARM)
A60: =IF(COUNTIFS(컬럼_ISM!$D$2:$D$5176, 컬럼_SIP!D60)=0, "SIP", "ALL") -> SIP | B60: =IF(COUNTIFS(컬럼_ISM!$C$2:$C$5176, 컬럼_SIP!C60)=0, "SIP", "ALL") -> SIP | C60: =D60&"+"&E60 -> ALARMCODE+EQUIPMENTID | D60: ALARMCODE | E60: EQUIPMENTID | F60: 5 | G60: VARCHAR2 | H60: 40 | I60: Y | K60: ALARM이 발생된 설비에 부여된 고유한 이름
A61: =IF(COUNTIFS(컬럼_ISM!$D$2:$D$5176, 컬럼_SIP!D61)=0, "SIP", "ALL") -> SIP | B61: =IF(COUNTIFS(컬럼_ISM!$C$2:$C$5176, 컬럼_SIP!C61)=0, "SIP", "ALL") -> SIP | C61: =D61&"+"&E61 -> ALARMCODE+ALARMTEXT | D61: ALARMCODE | E61: ALARMTEXT | F61: 6 | G61: VARCHAR2 | H61: 400 | I61: Y | K61: 발생한 ALARM에 대한 상세 내용
A62: =IF(COUNTIFS(컬럼_ISM!$D$2:$D$5176, 컬럼_SIP!D62)=0, "SIP", "ALL") -> SIP | B62: =IF(COUNTIFS(컬럼_ISM!$C$2:$C$5176, 컬럼_SIP!C62)=0, "SIP", "ALL") -> SIP | C62: =D62&"+"&E62 -> ALARMCODE+ALARMSOLVE | D62: ALARMCODE | E62: ALARMSOLVE | F62: 7 | G62: VARCHAR2 | H62: 400 | I62: Y | K62: ALARM 대응방안
A63: =IF(COUNTIFS(컬럼_ISM!$D$2:$D$5176, 컬럼_SIP!D63)=0, "SIP", "ALL") -> SIP | B63: =IF(COUNTIFS(컬럼_ISM!$C$2:$C$5176, 컬럼_SIP!C63)=0, "SIP", "ALL") -> SIP | C63: =D63&"+"&E63 -> ALARMCODE+DESCRIPTION | D63: ALARMCODE | E63: DESCRIPTION | F63: 8 | G63: VARCHAR2 | H63: 400 | I63: Y | K63: ALARMCODE에 대한 상세설명
A64: =IF(COUNTIFS(컬럼_ISM!$D$2:$D$5176, 컬럼_SIP!D64)=0, "SIP", "ALL") -> SIP | B64: =IF(COUNTIFS(컬럼_ISM!$C$2:$C$5176, 컬럼_SIP!C64)=0, "SIP", "ALL") -> SIP | C64: =D64&"+"&E64 -> ALARMCODE+CHECKOUTSTATE | D64: ALARMCODE | E64: CHECKOUTSTATE | F64: 9 | G64: VARCHAR2 | H64: 40 | I64: Y | K64: User별 데이터 편집상태 (CheckedIn/CheckedOut/CancelCheckedOut)
A65: =IF(COUNTIFS(컬럼_ISM!$D$2:$D$5176, 컬럼_SIP!D65)=0, "SIP", "ALL") -> SIP | B65: =IF(COUNTIFS(컬럼_ISM!$C$2:$C$5176, 컬럼_SIP!C65)=0, "SIP", "ALL") -> SIP | C65: =D65&"+"&E65 -> ALARMCODE+CHECKOUTTIME | D65: ALARMCODE | E65: CHECKOUTTIME | F65: 10 | G65: DATE | H65: 7 | I65: Y | K65: 데이터 편집위해 CheckOut시간
A66: =IF(COUNTIFS(컬럼_ISM!$D$2:$D$5176, 컬럼_SIP!D66)=0, "SIP", "ALL") -> SIP | B66: =IF(COUNTIFS(컬럼_ISM!$C$2:$C$5176, 컬럼_SIP!C66)=0, "SIP", "ALL") -> SIP | C66: =D66&"+"&E66 -> ALARMCODE+CHECKOUTUSER | D66: ALARMCODE | E66: CHECKOUTUSER | F66: 11 | G66: VARCHAR2 | H66: 40 | I66: Y | K66: CheckOut 사용자ID
A67: =IF(COUNTIFS(컬럼_ISM!$D$2:$D$5176, 컬럼_SIP!D67)=0, "SIP", "ALL") -> SIP | B67: =IF(COUNTIFS(컬럼_ISM!$C$2:$C$5176, 컬럼_SIP!C67)=0, "SIP", "ALL") -> SIP | C67: =D67&"+"&E67 -> ALARMCODE+DATASTATE | D67: ALARMCODE | E67: DATASTATE | F67: 12 | G67: VARCHAR2 | H67: 10 | I67: Y | K67: 변경 상태 (Created/Removed)
A68: =IF(COUNTIFS(컬럼_ISM!$D$2:$D$5176, 컬럼_SIP!D68)=0, "SIP", "ALL") -> SIP | B68: =IF(COUNTIFS(컬럼_ISM!$C$2:$C$5176, 컬럼_SIP!C68)=0, "SIP", "ALL") -> SIP | C68: =D68&"+"&E68 -> ALARMCODE+EVENT | D68: ALARMCODE | E68: EVENT | F68: 13 | G68: VARCHAR2 | H68: 40 | I68: Y | K68: 이벤트 (CheckedIn/CheckedOut/CancelCheckedOut/Created/Modify/Removed)
A69: =IF(COUNTIFS(컬럼_ISM!$D$2:$D$5176, 컬럼_SIP!D69)=0, "SIP", "ALL") -> SIP | B69: =IF(COUNTIFS(컬럼_ISM!$C$2:$C$5176, 컬럼_SIP!C69)=0, "SIP", "ALL") -> SIP | C69: =D69&"+"&E69 -> ALARMCODE+TIMEKEY | D69: ALARMCODE | E69: TIMEKEY | F69: 14 | G69: VARCHAR2 | H69: 40 | I69: Y | K69: 이벤트 발생 Key
A70: =IF(COUNTIFS(컬럼_ISM!$D$2:$D$5176, 컬럼_SIP!D70)=0, "SIP", "ALL") -> SIP | B70: =IF(COUNTIFS(컬럼_ISM!$C$2:$C$5176, 컬럼_SIP!C70)=0, "SIP", "ALL") -> SIP | C70: =D70&"+"&E70 -> ALARMCODE+EVENTTIME | D70: ALARMCODE | E70: EVENTTIME | F70: 15 | G70: DATE | H70: 7 | I70: Y | K70: 이벤트 발생 시간
... A90: =IF(COUNTIFS(컬럼_ISM!$D$2:$D$5176, 컬럼_SIP!D90)=0, "SIP", "ALL") -> SIP | B90: =IF(COUNTIFS(컬럼_ISM!$C$2:$C$5176, 컬럼_SIP!C90)=0, "SIP", "ALL") -> SIP | C90: =D90&"+"&E90 -> ALARMCODEHISTORY+EVENTCOMMENT | D90: ALARMCODEHISTORY | E90: EVENTCOMMENT | F90: 17 | G90: VARCHAR2 | H90: 500 | I90: Y | K90: System 커맨트
A91: =IF(COUNTIFS(컬럼_ISM!$D$2:$D$5176, 컬럼_SIP!D91)=0, "SIP", "ALL") -> SIP | B91: =IF(COUNTIFS(컬럼_ISM!$C$2:$C$5176, 컬럼_SIP!C91)=0, "SIP", "ALL") -> SIP | C91: =D91&"+"&E91 -> ALARMGROUP+ALARMGROUPID | D91: ALARMGROUP | E91: ALARMGROUPID | F91: 1 | G91: VARCHAR2 | H91: 40 | I91: N | J91: PK | K91: ALARM을 발생시키는 곳 (대분류, 예. EQUIPMENT, SPC, SYSTEM)
A92: =IF(COUNTIFS(컬럼_ISM!$D$2:$D$5176, 컬럼_SIP!D92)=0, "SIP", "ALL") -> SIP | B92: =IF(COUNTIFS(컬럼_ISM!$C$2:$C$5176, 컬럼_SIP!C92)=0, "SIP", "ALL") -> SIP | C92: =D92&"+"&E92 -> ALARMGROUP+FACTORYID | D92: ALARMGROUP | E92: FACTORYID | F92: 2 | G92: VARCHAR2 | H92: 40 | I92: N | J92: PK | K92: 공장 ID
A93: =IF(COUNTIFS(컬럼_ISM!$D$2:$D$5176, 컬럼_SIP!D93)=0, "SIP", "ALL") -> SIP | B93: =IF(COUNTIFS(컬럼_ISM!$C$2:$C$5176, 컬럼_SIP!C93)=0, "SIP", "ALL") -> SIP | C93: =D93&"+"&E93 -> ALARMGROUP+DESCRIPTION | D93: ALARMGROUP | E93: DESCRIPTION | F93: 3 | G93: VARCHAR2 | H93: 400 | I93: Y | K93: ALARMGROUP에 대한 상세설명
A94: =IF(COUNTIFS(컬럼_ISM!$D$2:$D$5176, 컬럼_SIP!D94)=0, "SIP", "ALL") -> SIP | B94: =IF(COUNTIFS(컬럼_ISM!$C$2:$C$5176, 컬럼_SIP!C94)=0, "SIP", "ALL") -> SIP | C94: =D94&"+"&E94 -> ALARMGROUP+CHECKOUTSTATE | D94: ALARMGROUP | E94: CHECKOUTSTATE | F94: 4 | G94: VARCHAR2 | H94: 40 | I94: Y | K94: User별 데이터 편집상태 (CheckedIn/CheckedOut/CancelCheckedOut)
A95: =IF(COUNTIFS(컬럼_ISM!$D$2:$D$5176, 컬럼_SIP!D95)=0, "SIP", "ALL") -> SIP | B95: =IF(COUNTIFS(컬럼_ISM!$C$2:$C$5176, 컬럼_SIP!C95)=0, "SIP", "ALL") -> SIP | C95: =D95&"+"&E95 -> ALARMGROUP+CHECKOUTTIME | D95: ALARMGROUP | E95: CHECKOUTTIME | F95: 5 | G95: DATE | H95: 7 | I95: Y | K95: 데이터 편집위해 CheckOut시간
A96: =IF(COUNTIFS(컬럼_ISM!$D$2:$D$5176, 컬럼_SIP!D96)=0, "SIP", "ALL") -> SIP | B96: =IF(COUNTIFS(컬럼_ISM!$C$2:$C$5176, 컬럼_SIP!C96)=0, "SIP", "ALL") -> SIP | C96: =D96&"+"&E96 -> ALARMGROUP+CHECKOUTUSER | D96: ALARMGROUP | E96: CHECKOUTUSER | F96: 6 | G96: VARCHAR2 | H96: 40 | I96: Y | K96: CheckOut 사용자ID
A97: =IF(COUNTIFS(컬럼_ISM!$D$2:$D$5176, 컬럼_SIP!D97)=0, "SIP", "ALL") -> SIP | B97: =IF(COUNTIFS(컬럼_ISM!$C$2:$C$5176, 컬럼_SIP!C97)=0, "SIP", "ALL") -> SIP | C97: =D97&"+"&E97 -> ALARMGROUP+DATASTATE | D97: ALARMGROUP | E97: DATASTATE | F97: 7 | G97: VARCHAR2 | H97: 10 | I97: Y | K97: 변경 상태 (Created/Removed)
A98: =IF(COUNTIFS(컬럼_ISM!$D$2:$D$5176, 컬럼_SIP!D98)=0, "SIP", "ALL") -> SIP | B98: =IF(COUNTIFS(컬럼_ISM!$C$2:$C$5176, 컬럼_SIP!C98)=0, "SIP", "ALL") -> SIP | C98: =D98&"+"&E98 -> ALARMGROUP+EVENT | D98: ALARMGROUP | E98: EVENT | F98: 8 | G98: VARCHAR2 | H98: 40 | I98: Y | K98: 이벤트 (CheckedIn/CheckedOut/CancelCheckedOut/Created/Modify/Removed)
A99: =IF(COUNTIFS(컬럼_ISM!$D$2:$D$5176, 컬럼_SIP!D99)=0, "SIP", "ALL") -> SIP | B99: =IF(COUNTIFS(컬럼_ISM!$C$2:$C$5176, 컬럼_SIP!C99)=0, "SIP", "ALL") -> SIP | C99: =D99&"+"&E99 -> ALARMGROUP+TIMEKEY | D99: ALARMGROUP | E99: TIMEKEY | F99: 9 | G99: VARCHAR2 | H99: 40 | I99: Y | K99: 이벤트 발생 Key
A100: =IF(COUNTIFS(컬럼_ISM!$D$2:$D$5176, 컬럼_SIP!D100)=0, "SIP", "ALL") -> SIP | B100: =IF(COUNTIFS(컬럼_ISM!$C$2:$C$5176, 컬럼_SIP!C100)=0, "SIP", "ALL") -> SIP | C100: =D100&"+"&E100 -> ALARMGROUP+EVENTTIME | D100: ALARMGROUP | E100: EVENTTIME | F100: 10 | G100: DATE | H100: 7 | I100: Y | K100: 이벤트 발생 시간
A101: =IF(COUNTIFS(컬럼_ISM!$D$2:$D$5176, 컬럼_SIP!D101)=0, "SIP", "ALL") -> SIP | B101: =IF(COUNTIFS(컬럼_ISM!$C$2:$C$5176, 컬럼_SIP!C101)=0, "SIP", "ALL") -> SIP | C101: =D101&"+"&E101 -> ALARMGROUP+EVENTUSER | D101: ALARMGROUP | E101: EVENTUSER | F101: 11 | G101: VARCHAR2 | H101: 40 | I101: Y | K101: 이벤트 발생 사용자
A102: =IF(COUNTIFS(컬럼_ISM!$D$2:$D$5176, 컬럼_SIP!D102)=0, "SIP", "ALL") -> SIP | B102: =IF(COUNTIFS(컬럼_ISM!$C$2:$C$5176, 컬럼_SIP!C102)=0, "SIP", "ALL") -> SIP | C102: =D102&"+"&E102 -> ALARMGROUP+EVENTCOMMENT | D102: ALARMGROUP | E102: EVENTCOMMENT | F102: 12 | G102: VARCHAR2 | H102: 500 | I102: Y | K102: System 커맨트
A103: =IF(COUNTIFS(컬럼_ISM!$D$2:$D$5176, 컬럼_SIP!D103)=0, "SIP", "ALL") -> SIP | B103: =IF(COUNTIFS(컬럼_ISM!$C$2:$C$5176, 컬럼_SIP!C103)=0, "SIP", "ALL") -> SIP | C103: =D103&"+"&E103 -> ALARMGROUPHISTORY+ALARMGROUPID | D103: ALARMGROUPHISTORY | E103: ALARMGROUPID | F103: 1 | G103: VARCHAR2 | H103: 40 | I103: N | J103: PK | K103: ALARM을 발생시키는 곳 (대분류, 예. EQUIPMENT, SPC, SYSTEM)
A104: =IF(COUNTIFS(컬럼_ISM!$D$2:$D$5176, 컬럼_SIP!D104)=0, "SIP", "ALL") -> SIP | B104: =IF(COUNTIFS(컬럼_ISM!$C$2:$C$5176, 컬럼_SIP!C104)=0, "SIP", "ALL") -> SIP | C104: =D104&"+"&E104 -> ALARMGROUPHISTORY+FACTORYID | D104: ALARMGROUPHISTORY | E104: FACTORYID | F104: 2 | G104: VARCHAR2 | H104: 40 | I104: N | J104: PK | K104: 공장 ID
A105: =IF(COUNTIFS(컬럼_ISM!$D$2:$D$5176, 컬럼_SIP!D105)=0, "SIP", "ALL") -> SIP | B105: =IF(COUNTIFS(컬럼_ISM!$C$2:$C$5176, 컬럼_SIP!C105)=0, "SIP", "ALL") -> SIP | C105: =D105&"+"&E105 -> ALARMGROUPHISTORY+DESCRIPTION | D105: ALARMGROUPHISTORY | E105: DESCRIPTION | F105: 3 | G105: VARCHAR2 | H105: 400 | I105: Y | K105: ALARMGROUP에 대한 상세설명
A106: =IF(COUNTIFS(컬럼_ISM!$D$2:$D$5176, 컬럼_SIP!D106)=0, "SIP", "ALL") -> SIP | B106: =IF(COUNTIFS(컬럼_ISM!$C$2:$C$5176, 컬럼_SIP!C106)=0, "SIP", "ALL") -> SIP | C106: =D106&"+"&E106 -> ALARMGROUPHISTORY+CHECKOUTSTATE | D106: ALARMGROUPHISTORY | E106: CHECKOUTSTATE | F106: 4 | G106: VARCHAR2 | H106: 40 | I106: Y | K106: User별 데이터 편집상태 (CheckedIn/CheckedOut/CancelCheckedOut)
A107: =IF(COUNTIFS(컬럼_ISM!$D$2:$D$5176, 컬럼_SIP!D107)=0, "SIP", "ALL") -> SIP | B107: =IF(COUNTIFS(컬럼_ISM!$C$2:$C$5176, 컬럼_SIP!C107)=0, "SIP", "ALL") -> SIP | C107: =D107&"+"&E107 -> ALARMGROUPHISTORY+CHECKOUTTIME | D107: ALARMGROUPHISTORY | E107: CHECKOUTTIME | F107: 5 | G107: DATE | H107: 7 | I107: Y | K107: 데이터 편집위해 CheckOut시간
A108: =IF(COUNTIFS(컬럼_ISM!$D$2:$D$5176, 컬럼_SIP!D108)=0, "SIP", "ALL") -> SIP | B108: =IF(COUNTIFS(컬럼_ISM!$C$2:$C$5176, 컬럼_SIP!C108)=0, "SIP", "ALL") -> SIP | C108: =D108&"+"&E108 -> ALARMGROUPHISTORY+CHECKOUTUSER | D108: ALARMGROUPHISTORY | E108: CHECKOUTUSER | F108: 6 | G108: VARCHAR2 | H108: 40 | I108: Y | K108: CheckOut 사용자ID
A109: =IF(COUNTIFS(컬럼_ISM!$D$2:$D$5176, 컬럼_SIP!D109)=0, "SIP", "ALL") -> SIP | B109: =IF(COUNTIFS(컬럼_ISM!$C$2:$C$5176, 컬럼_SIP!C109)=0, "SIP", "ALL") -> SIP | C109: =D109&"+"&E109 -> ALARMGROUPHISTORY+DATASTATE | D109: ALARMGROUPHISTORY | E109: DATASTATE | F109: 7 | G109: VARCHAR2 | H109: 10 | I109: Y | K109: 변경 상태 (Created/Removed)
A110: =IF(COUNTIFS(컬럼_ISM!$D$2:$D$5176, 컬럼_SIP!D110)=0, "SIP", "ALL") -> SIP | B110: =IF(COUNTIFS(컬럼_ISM!$C$2:$C$5176, 컬럼_SIP!C110)=0, "SIP", "ALL") -> SIP | C110: =D110&"+"&E110 -> ALARMGROUPHISTORY+EVENT | D110: ALARMGROUPHISTORY | E110: EVENT | F110: 8 | G110: VARCHAR2 | H110: 40 | I110: Y | K110: 이벤트 (CheckedIn/CheckedOut/CancelCheckedOut/Created/Modify/Removed)
A111: =IF(COUNTIFS(컬럼_ISM!$D$2:$D$5176, 컬럼_SIP!D111)=0, "SIP", "ALL") -> SIP | B111: =IF(COUNTIFS(컬럼_ISM!$C$2:$C$5176, 컬럼_SIP!C111)=0, "SIP", "ALL") -> SIP | C111: =D111&"+"&E111 -> ALARMGROUPHISTORY+TIMEKEY | D111: ALARMGROUPHISTORY | E111: TIMEKEY | F111: 9 | G111: VARCHAR2 | H111: 40 | I111: N | J111: PK | K111: 이벤트 발생 Key
A112: =IF(COUNTIFS(컬럼_ISM!$D$2:$D$5176, 컬럼_SIP!D112)=0, "SIP", "ALL") -> SIP | B112: =IF(COUNTIFS(컬럼_ISM!$C$2:$C$5176, 컬럼_SIP!C112)=0, "SIP", "ALL") -> SIP | C112: =D112&"+"&E112 -> ALARMGROUPHISTORY+EVENTTIME | D112: ALARMGROUPHISTORY | E112: EVENTTIME | F112: 10 | G112: DATE | H112: 7 | I112: Y | K112: 이벤트 발생 시간
A113: =IF(COUNTIFS(컬럼_ISM!$D$2:$D$5176, 컬럼_SIP!D113)=0, "SIP", "ALL") -> SIP | B113: =IF(COUNTIFS(컬럼_ISM!$C$2:$C$5176, 컬럼_SIP!C113)=0, "SIP", "ALL") -> SIP | C113: =D113&"+"&E113 -> ALARMGROUPHISTORY+EVENTUSER | D113: ALARMGROUPHISTORY | E113: EVENTUSER | F113: 11 | G113: VARCHAR2 | H113: 40 | I113: Y | K113: 이벤트 발생 사용자
A114: =IF(COUNTIFS(컬럼_ISM!$D$2:$D$5176, 컬럼_SIP!D114)=0, "SIP", "ALL") -> SIP | B114: =IF(COUNTIFS(컬럼_ISM!$C$2:$C$5176, 컬럼_SIP!C114)=0, "SIP", "ALL") -> SIP | C114: =D114&"+"&E114 -> ALARMGROUPHISTORY+EVENTCOMMENT | D114: ALARMGROUPHISTORY | E114: EVENTCOMMENT | F114: 12 | G114: VARCHAR2 | H114: 500 | I114: Y | K114: System 커맨트
A115: =IF(COUNTIFS(컬럼_ISM!$D$2:$D$5176, 컬럼_SIP!D115)=0, "SIP", "ALL") -> SIP | B115: =IF(COUNTIFS(컬럼_ISM!$C$2:$C$5176, 컬럼_SIP!C115)=0, "SIP", "ALL") -> SIP | C115: =D115&"+"&E115 -> ALARMHISTORY+ALARMID | D115: ALARMHISTORY | E115: ALARMID | F115: 1 | G115: VARCHAR2 | H115: 40 | I115: N | J115: PK | K115: 발생한 ALARM별 Unique한 ID
A116: =IF(COUNTIFS(컬럼_ISM!$D$2:$D$5176, 컬럼_SIP!D116)=0, "SIP", "ALL") -> SIP | B116: =IF(COUNTIFS(컬럼_ISM!$C$2:$C$5176, 컬럼_SIP!C116)=0, "SIP", "ALL") -> SIP | C116: =D116&"+"&E116 -> ALARMHISTORY+FACTORYID | D116: ALARMHISTORY | E116: FACTORYID | F116: 2 | G116: VARCHAR2 | H116: 40 | I116: N | J116: PK | K116: 공장 ID
A117: =IF(COUNTIFS(컬럼_ISM!$D$2:$D$5176, 컬럼_SIP!D117)=0, "SIP", "ALL") -> SIP | B117: =IF(COUNTIFS(컬럼_ISM!$C$2:$C$5176, 컬럼_SIP!C117)=0, "SIP", "ALL") -> SIP | C117: =D117&"+"&E117 -> ALARMHISTORY+ALARMGROUPID | D117: ALARMHISTORY | E117: ALARMGROUPID | F117: 3 | G117: VARCHAR2 | H117: 40 | I117: Y | K117: ALARM을 발생시키는 곳 (EQP, SPC, SYSTEM)
A118: =IF(COUNTIFS(컬럼_ISM!$D$2:$D$5176, 컬럼_SIP!D118)=0, "SIP", "ALL") -> SIP | B118: =IF(COUNTIFS(컬럼_ISM!$C$2:$C$5176, 컬럼_SIP!C118)=0, "SIP", "ALL") -> SIP | C118: =D118&"+"&E118 -> ALARMHISTORY+ALARMLEVEL | D118: ALARMHISTORY | E118: ALARMLEVEL | F118: 4 | G118: VARCHAR2 | H118: 40 | I118: Y | K118: ALARM 등급에 대한 Level(INFO, WARNING, ALARM)
A119: =IF(COUNTIFS(컬럼_ISM!$D$2:$D$5176, 컬럼_SIP!D119)=0, "SIP", "ALL") -> SIP | B119: =IF(COUNTIFS(컬럼_ISM!$C$2:$C$5176, 컬럼_SIP!C119)=0, "SIP", "ALL") -> SIP | C119: =D119&"+"&E119 -> ALARMHISTORY+ALARMCODE | D119: ALARMHISTORY | E119: ALARMCODE | F119: 5 | G119: VARCHAR2 | H119: 40 | I119: Y | K119: ALARM이 발생될때 장비등에서 부여하는 Code
A120: =IF(COUNTIFS(컬럼_ISM!$D$2:$D$5176, 컬럼_SIP!D120)=0, "SIP", "ALL") -> SIP | B120: =IF(COUNTIFS(컬럼_ISM!$C$2:$C$5176, 컬럼_SIP!C120)=0, "SIP", "ALL") -> SIP | C120: =D120&"+"&E120 -> ALARMHISTORY+ALARMTYPE | D120: ALARMHISTORY | E120: ALARMTYPE | F120: 6 | G120: VARCHAR2 | H120: 40 | I120: Y | K120: ALARM 발생후 사용자가 발생한 Alarm을 handling할수 있는 범위들의 Type(ACTIVATE, ACKNOWLEDGE, CLEAR)
A121: =IF(COUNTIFS(컬럼_ISM!$D$2:$D$5176, 컬럼_SIP!D121)=0, "SIP", "ALL") -> SIP | B121: =IF(COUNTIFS(컬럼_ISM!$C$2:$C$5176, 컬럼_SIP!C121)=0, "SIP", "ALL") -> SIP | C121: =D121&"+"&E121 -> ALARMHISTORY+DESTTYPE | D121: ALARMHISTORY | E121: DESTTYPE | F121: 7 | G121: VARCHAR2 | H121: 40 | I121: Y | K121: ALARM 발생시 발생한 ALARM을 알릴수 있는 범위(FAB, Area, Equipment)
A122: =IF(COUNTIFS(컬럼_ISM!$D$2:$D$5176, 컬럼_SIP!D122)=0, "SIP", "ALL") -> SIP | B122: =IF(COUNTIFS(컬럼_ISM!$C$2:$C$5176, 컬럼_SIP!C122)=0, "SIP", "ALL") -> SIP | C122: =D122&"+"&E122 -> ALARMHISTORY+ALARMTEXT | D122: ALARMHISTORY | E122: ALARMTEXT | F122: 8 | G122: VARCHAR2 | H122: 1000 | I122: Y | K122: 발생한 ALARM에 대한 상세 내용
A123: =IF(COUNTIFS(컬럼_ISM!$D$2:$D$5176, 컬럼_SIP!D123)=0, "SIP", "ALL") -> SIP | B123: =IF(COUNTIFS(컬럼_ISM!$C$2:$C$5176, 컬럼_SIP!C123)=0, "SIP", "ALL") -> SIP | C123: =D123&"+"&E123 -> ALARMHISTORY+ALARMSOLVE | D123: ALARMHISTORY | E123: ALARMSOLVE | F123: 9 | G123: VARCHAR2 | H123: 400 | I123: Y | K123: ALARM 대응방안
A124: =IF(COUNTIFS(컬럼_ISM!$D$2:$D$5176, 컬럼_SIP!D124)=0, "SIP", "ALL") -> SIP | B124: =IF(COUNTIFS(컬럼_ISM!$C$2:$C$5176, 컬럼_SIP!C124)=0, "SIP", "ALL") -> SIP | C124: =D124&"+"&E124 -> ALARMHISTORY+ALARMSTATE | D124: ALARMHISTORY | E124: ALARMSTATE | F124: 10 | G124: VARCHAR2 | H124: 40 | I124: Y | K124: 발생한 ALARM의 State (ACTIVATED/ACKNOWLEDGED/CLEARED)
A125: =IF(COUNTIFS(컬럼_ISM!$D$2:$D$5176, 컬럼_SIP!D125)=0, "SIP", "ALL") -> SIP | B125: =IF(COUNTIFS(컬럼_ISM!$C$2:$C$5176, 컬럼_SIP!C125)=0, "SIP", "ALL") -> SIP | C125: =D125&"+"&E125 -> ALARMHISTORY+AREAID | D125: ALARMHISTORY | E125: AREAID | F125: 11 | G125: VARCHAR2 | H125: 40 | I125: Y | K125: ALARM이 발생한 AREAID
A126: =IF(COUNTIFS(컬럼_ISM!$D$2:$D$5176, 컬럼_SIP!D126)=0, "SIP", "ALL") -> SIP | B126: =IF(COUNTIFS(컬럼_ISM!$C$2:$C$5176, 컬럼_SIP!C126)=0, "SIP", "ALL") -> SIP | C126: =D126&"+"&E126 -> ALARMHISTORY+EQUIPMENTID | D126: ALARMHISTORY | E126: EQUIPMENTID | F126: 12 | G126: VARCHAR2 | H126: 40 | I126: Y | K126: ALARM이 발생된 설비에 부여된 고유한 이름
A127: =IF(COUNTIFS(컬럼_ISM!$D$2:$D$5176, 컬럼_SIP!D127)=0, "SIP", "ALL") -> SIP | B127: =IF(COUNTIFS(컬럼_ISM!$C$2:$C$5176, 컬럼_SIP!C127)=0, "SIP", "ALL") -> SIP | C127: =D127&"+"&E127 -> ALARMHISTORY+ACKTIME | D127: ALARMHISTORY | E127: ACKTIME | F127: 13 | G127: DATE | H127: 7 | I127: Y | K127: ALARM State가 Acknowledge일때 시간
A128: =IF(COUNTIFS(컬럼_ISM!$D$2:$D$5176, 컬럼_SIP!D128)=0, "SIP", "ALL") -> SIP | B128: =IF(COUNTIFS(컬럼_ISM!$C$2:$C$5176, 컬럼_SIP!C128)=0, "SIP", "ALL") -> SIP | C128: =D128&"+"&E128 -> ALARMHISTORY+ACKUSER | D128: ALARMHISTORY | E128: ACKUSER | F128: 14 | G128: VARCHAR2 | H128: 40 | I128: Y | K128: ALARM State가 Acknowledge로 변경한 User
... A136: =IF(COUNTIFS(컬럼_ISM!$D$2:$D$5176, 컬럼_SIP!D136)=0, "SIP", "ALL") -> SIP | B136: =IF(COUNTIFS(컬럼_ISM!$C$2:$C$5176, 컬럼_SIP!C136)=0, "SIP", "ALL") -> SIP | C136: =D136&"+"&E136 -> ALARMHISTORY+EVENT | D136: ALARMHISTORY | E136: EVENT | F136: 22 | G136: VARCHAR2 | H136: 40 | I136: Y | K136: 이벤트 (CheckedIn/CheckedOut/CancelCheckedOut/Created/Modify/Removed)
A137: =IF(COUNTIFS(컬럼_ISM!$D$2:$D$5176, 컬럼_SIP!D137)=0, "SIP", "ALL") -> SIP | B137: =IF(COUNTIFS(컬럼_ISM!$C$2:$C$5176, 컬럼_SIP!C137)=0, "SIP", "ALL") -> SIP | C137: =D137&"+"&E137 -> ALARMHISTORY+TIMEKEY | D137: ALARMHISTORY | E137: TIMEKEY | F137: 23 | G137: VARCHAR2 | H137: 40 | I137: N | J137: PK | K137: 이벤트 발생 Key
...

Sheet 데이터 추출 쿼리
A1: MES Table 기준 정보추출. | B1: MES COLUMN 기준 정보추출.
A2: SELECT T.TABLE_NAME, C.COMMENTS, CASE WHEN INSTR(T.TABLESPACE_NAME, 'HIST') > 0 THEN 'History' ELSE 'Master' END AS CURHIST, T.TABLESPACE_NAME AS TABLESPACE_TABLE, I.TABLESPACE_NAME AS TABLESPACE_INDEX, DECODE(P.PARTITION_NAME, NULL, '', P.PARTITION_NAME) PARTITION_BY FROM USER_TABLES T JOIN USER_TAB_COMMENTS C ON T.TABLE_NAME = C.TABLE_NAME LEFT JOIN ( SELECT TABLE_NAME, MAX(INDEX_NAME), MAX(TABLESPACE_NAME) TABLESPACE_NAME FROM USER_INDEXES GROUP BY TABLE_NAME ) I ON T.TABLE_NAME = I.TABLE_NAME LEFT JOIN ( SELECT TABLE_NAME, MAX(PARTITION_NAME) PARTITION_NAME FROM USER_TAB_PARTITIONS GROUP BY TABLE_NAME ) P ON T.TABLE_NAME = P.TABLE_NAME ORDER BY T.TABLE_NAME ; | B2: SELECT C.TABLE_NAME AS TAB_NAME, C.COLUMN_NAME AS COL_NAME, C.COLUMN_ID AS COL_ID, C.DATA_TYPE AS TYPE, C.DATA_LENGTH AS LENGTH, C.NULLABLE, DECODE(P.COLUMN_NAME, NULL, '', 'PK') AS PK, CM.COMMENTS FROM USER_TAB_COLUMNS C LEFT JOIN USER_COL_COMMENTS CM ON C.TABLE_NAME = CM.TABLE_NAME AND C.COLUMN_NAME = CM.COLUMN_NAME LEFT JOIN ( SELECT ACC.TABLE_NAME, ACC.COLUMN_NAME FROM USER_CONSTRAINTS AC JOIN USER_CONS_COLUMNS ACC ON AC.CONSTRAINT_NAME = ACC.CONSTRAINT_NAME WHERE AC.CONSTRAINT_TYPE = 'P' ) P ON C.TABLE_NAME = P.TABLE_NAME AND C.COLUMN_NAME = P.COLUMN_NAME ORDER BY C.TABLE_NAME, C.COLUMN_ID ;
